,acousticness,danceability,duration_ms,energy,genre,instrumentalness,key,liveness,loudness,mode,speechiness,tempo,time_signature,valence
"('Myron', 'Lil Uzi Vert')",0.0537,0.77,224955,0.655,Rap,0,8,0.215,-6.976,0,0.296,155.039,4,0.584
"('P2', 'Lil Uzi Vert')",0.0236,0.775,234627,0.72,Rap,0,11,0.114,-5.353,0,0.193,155.086,4,0.49
"('XO Tour Llif3', 'Lil Uzi Vert')",0.00264,0.732,182707,0.75,Rap,0,11,0.109,-6.366,0,0.231,155.096,4,0.401
"('That Way - Bonus Track', 'Lil Uzi Vert')",0.0554,0.712,212354,0.599,Rap,0,7,0.154,-5.368,0,0.0388,130.007,4,0.503
"('Lo Mein', 'Lil Uzi Vert')",0.0888,0.855,195299,0.676,Rap,0,1,0.144,-5.736,1,0.325,133.081,4,0.509
"('Sanguine Paradise', 'Lil Uzi Vert')",0.0948,0.729,243976,0.603,Rap,0,6,0.113,-6.736,0,0.0666,134.972,4,0.207
"('20 Min', 'Lil Uzi Vert')",0.109,0.773,220587,0.75,Rap,0,8,0.174,-4.009,0,0.117,123.426,4,0.783
"('Baby Pluto', 'Lil Uzi Vert')",0.135,0.772,210261,0.634,Rap,0,10,0.432,-6.101,0,0.212,160.052,4,0.671
"('Yessirskiii', 'Lil Uzi Vert')",0.0188,0.898,219340,0.752,Rap,1.35e-05,8,0.0994,-6.792,1,0.278,140.041,4,0.782
"('Futsal Shuffle 2020 - Bonus Track', 'Lil Uzi Vert')",0.0341,0.879,198913,0.448,Rap,0,7,0.224,-8.57,0,0.221,136.988,4,0.279
"('Pure Water (with Migos)', 'Migos')",0.174,0.682,192471,0.559,Rap,0,0,0.344,-5.545,1,0.127,202.015,4,0.137
"('Racks 2 Skinny', 'Migos')",0.00839,0.814,178025,0.584,Rap,0,1,0.0646,-5.425,1,0.0819,141.016,4,0.405
"('Walk It Talk It', 'Migos')",0.0876,0.907,276147,0.633,Rap,2.6e-06,2,0.106,-5.145,1,0.184,145.914,4,0.395
"('Bad and Boujee (feat. Lil Uzi Vert)', 'Migos')",0.061,0.927,343150,0.665,Rap,0,11,0.123,-5.313,1,0.244,127.076,4,0.175
"('Need It', 'Migos')",0.0313,0.852,195681,0.745,Rap,0,11,0.0824,-3.667,0,0.171,148.007,4,0.897
"('Taco Tuesday', 'Migos')",0.000515,0.945,96563,0.65,Rap,0,1,0.135,-7.071,1,0.154,129.007,4,0.804
"('MotorSport', 'Migos')",0.0305,0.904,303077,0.518,Rap,0,2,0.325,-5.32,1,0.183,137.996,4,0.188
"('Give No Fxk', 'Migos')",0.0303,0.904,224243,0.627,Rap,5.68e-06,1,0.0923,-5.608,1,0.222,145.976,4,0.236
"('Slippery (feat. Gucci Mane)', 'Migos')",0.307,0.92,304041,0.674,Rap,0,1,0.104,-5.662,0,0.264,141.967,4,0.741
"('Stir Fry', 'Migos')",0.00263,0.817,190288,0.816,Rap,0,2,0.159,-5.402,1,0.269,181.982,4,0.508
"('Toosie Slide', 'Drake')",0.289,0.83,247059,0.49,Rap,3.04e-06,1,0.113,-8.82,0,0.209,81.604,4,0.845
"('Life Is Good (feat. Drake)', 'Drake')",0.0706,0.676,237735,0.609,Rap,0.0,2,0.152,-5.831,0,0.481,142.037,4,0.508
"('Chicago Freestyle (feat. Giveon)', 'Drake')",0.629,0.735,220488,0.449,Rap,0.0,10,0.113,-7.507,1,0.347,122.947,4,0.0397
"('Pain 1993 (with Playboi Carti)', 'Drake')",0.163,0.825,149078,0.373,Rap,0.0,5,0.368,-5.532,0,0.108,77.271,4,0.12
"('Money In The Grave (Drake ft. Rick Ross)', 'Drake')",0.101,0.831,205427,0.502,Rap,0.0,10,0.122,-4.045,0,0.046,100.541,4,0.101
"(""God's Plan"", 'Drake')",0.0332,0.754,198973,0.449,Rap,8.29e-05,7,0.552,-9.211,1,0.109,77.169,4,0.357
"('Nonstop', 'Drake')",0.0164,0.912,238614,0.412,Rap,0.013,7,0.104,-8.074,1,0.124,154.983,4,0.422
"('In My Feelings', 'Drake')",0.0589,0.835,217925,0.626,Rap,6e-05,1,0.396,-5.833,1,0.125,91.03,4,0.35
"('One Dance', 'Drake')",0.00776,0.792,173987,0.625,Rap,0.00188,1,0.329,-5.609,1,0.0536,103.967,4,0.37
"('D4L', 'Drake')",0.0128,0.718,189176,0.706,Rap,0.0,1,0.352,-5.709,1,0.06,170.004,4,0.815
"('Savage Remix (feat. Beyoncé)', 'Megan Thee Stallion')",0.016,0.822,242001,0.743,Rap,0,10,0.127,-4.772,0,0.28,84.459,4,0.636
"('Savage', 'Megan Thee Stallion')",0.0252,0.843,155497,0.741,Rap,0,11,0.096,-5.609,1,0.334,168.983,4,0.68
"('Captain Hook', 'Megan Thee Stallion')",0.0118,0.863,176750,0.633,Rap,0,10,0.285,-5.002,0,0.287,163.991,4,0.545
"('Cash Shit (feat. DaBaby)', 'Megan Thee Stallion')",0.0218,0.921,192540,0.635,Rap,0,1,0.0946,-4.904,1,0.416,130.028,4,0.549
"('Hot Girl Summer (feat. Nicki Minaj & Ty Dolla $ign)', 'Megan Thee Stallion')",0.00485,0.872,199427,0.814,Rap,1.96e-06,0,0.214,-4.568,1,0.155,98.985,4,0.57
"('FREAK', 'Megan Thee Stallion')",0.00438,0.933,174067,0.556,Rap,0,9,0.114,-6.115,1,0.216,106.01,4,0.504
"('B.I.T.C.H.', 'Megan Thee Stallion')",0.0851,0.742,183143,0.731,Rap,0,11,0.131,-4.362,0,0.306,174.019,4,0.547
"('All Dat (with Megan Thee Stallion)', 'Megan Thee Stallion')",0.00534,0.792,143958,0.772,Rap,0,2,0.237,-3.904,1,0.27,120.047,5,0.414
"('Big Ole Freak', 'Megan Thee Stallion')",0.00867,0.799,214851,0.699,Rap,0,2,0.132,-7.694,1,0.204,142.979,4,0.627
"('Hit My Phone (feat. Kehlani)', 'Megan Thee Stallion')",0.276,0.831,150767,0.627,Rap,0,11,0.199,-6.614,0,0.176,108.042,4,0.76
"('The Box', 'Roddy Ricch')",0.104,0.896,196653,0.586,Rap,0,10,0.79,-6.687,0,0.0559,116.971,4,0.642
"('Walk Em Down (feat. Roddy Ricch)', 'Roddy Ricch')",0.268,0.867,173288,0.744,Rap,0,9,0.0713,-5.171,0,0.228,84.005,4,0.645
"('High Fashion (feat. Mustard)', 'Roddy Ricch')",0.269,0.831,220487,0.499,Rap,0,11,0.3,-8.442,0,0.114,97.956,4,0.511
"(""Ballin' (with Roddy Ricch)"", 'Roddy Ricch')",0.392,0.809,180435,0.545,Rap,0,7,0.151,-6.678,1,0.0735,97.008,4,0.244
"('Down Below', 'Roddy Ricch')",0.036,0.926,224002,0.454,Rap,0.000422,6,0.0896,-9.932,1,0.0732,119.969,4,0.34
"('Start Wit Me (feat. Gunna)', 'Roddy Ricch')",0.077,0.886,158692,0.479,Rap,0,4,0.135,-8.054,0,0.334,130.029,4,0.408
"('Project Dreams', 'Roddy Ricch')",0.409,0.78,167898,0.828,Rap,0,8,0.104,-2.235,1,0.237,160.113,4,0.786
"('Bacc Seat (feat. Ty Dolla $ign)', 'Roddy Ricch')",0.0404,0.783,172320,0.524,Rap,0,1,0.087,-6.828,1,0.115,144.989,4,0.153
"('Tip Toe (feat. A Boogie Wit da Hoodie)', 'Roddy Ricch')",0.095,0.757,185806,0.673,Rap,0,1,0.338,-8.513,1,0.141,92.958,3,0.574
"('Peta (feat. Meek Mill)', 'Roddy Ricch')",0.015,0.778,198849,0.573,Rap,0,10,0.464,-7.339,0,0.251,140.114,4,0.269
"('Juicy - 2005 Remaster', 'The Notorious B.I.G.')",0.472,0.889,302693,0.816,Rap,0,9,0.204,-4.67,1,0.247,96.056,4,0.777
"('Hypnotize - 2014 Remaster', 'The Notorious B.I.G.')",0.145,0.901,229827,0.697,Rap,0,9,0.287,-3.439,1,0.28,93.941,4,0.67
"('Big Poppa - 2005 Remaster', 'The Notorious B.I.G.')",0.432,0.778,252747,0.578,Rap,0,9,0.138,-7.22,0,0.274,84.487,4,0.758
"('Mo Money Mo Problems (feat. Puff Daddy & Mase) - 2014 Remaster', 'The Notorious B.I.G.')",0.0128,0.845,257400,0.884,Rap,2.1e-06,6,0.203,-4.506,0,0.0759,104.536,4,0.904
"('Old Thing Back (feat. Ja Rule and Ralph Tresvant)', 'The Notorious B.I.G.')",0.194,0.805,321649,0.858,Rap,7.89e-06,0,0.256,-3.067,1,0.105,97.033,4,0.523
"('Who Shot Ya? - 2005 Remaster', 'The Notorious B.I.G.')",0.273,0.828,319373,0.686,Rap,0,11,0.524,-5.689,0,0.218,91.713,4,0.617
"('Get Money (feat. Junior M.A.F.I.A.) - 2007 Remaster', 'The Notorious B.I.G.')",0.398,0.711,274440,0.871,Rap,1.69e-06,2,0.171,-4.32,1,0.294,91.153,4,0.912
"('Notorious Thugs - 2014 Remaster', 'The Notorious B.I.G.')",0.121,0.704,366880,0.873,Rap,5.12e-06,11,0.24,-4.057,0,0.144,154.914,4,0.742
"('Nasty Girl (feat. Diddy, Nelly, Jagged Edge & Avery Storm) - 2005 Remaster', 'The Notorious B.I.G.')",0.0949,0.833,286187,0.628,Rap,1.6e-06,2,0.282,-7.041,1,0.141,106.328,4,0.645
"('Gimme the Loot - 2005 Remaster', 'The Notorious B.I.G.')",0.0867,0.713,304147,0.647,Rap,0,7,0.636,-8.22,1,0.439,94.036,4,0.694
"('Godzilla (feat. Juice WRLD)', 'Eminem')",0.145,0.808,210800,0.745,Rap,0,10,0.292,-5.26,0,0.342,165.995,4,0.829
"(""'Till I Collapse"", 'Eminem')",0.0622,0.548,297787,0.847,Rap,0,1,0.0816,-3.237,1,0.186,171.447,4,0.1
"('Without Me', 'Eminem')",0.00286,0.908,290320,0.669,Rap,0,7,0.237,-2.827,1,0.0738,112.238,4,0.662
"('Love The Way You Lie', 'Eminem')",0.241,0.749,263373,0.925,Rap,0,10,0.52,-5.034,1,0.227,86.989,4,0.641
"('The Real Slim Shady', 'Eminem')",0.0302,0.949,284200,0.661,Rap,0,5,0.0454,-4.244,0,0.0572,104.504,4,0.76
"('Lucky You (feat. Joyner Lucas)', 'Eminem')",0.0627,0.876,244679,0.786,Rap,0,10,0.127,-4.884,0,0.306,153.068,4,0.575
"('Not Afraid', 'Eminem')",0.529,0.855,248133,0.954,Rap,0,0,0.205,-1.19,0,0.264,114.635,5,0.668
"('Rap God', 'Eminem')",0.397,0.708,363521,0.843,Rap,0,7,0.799,-2.66,1,0.314,148.14,4,0.625
"('Lose Yourself - From ""8 Mile"" Soundtrack', 'Eminem')",0.00868,0.692,326467,0.744,Rap,0.000423,2,0.359,-4.565,1,0.257,171.374,4,0.0612
"('River (feat. Ed Sheeran)', 'Eminem')",0.142,0.748,221013,0.749,Rap,0,8,0.0713,-5.916,0,0.516,90.09,4,0.659
"('HUMBLE.', 'Kendrick Lamar')",0.000282,0.908,177000,0.621,Rap,5.39e-05,1,0.0958,-6.638,0,0.102,150.011,4,0.421
"('LOVE. FEAT. ZACARI.', 'Kendrick Lamar')",0.264,0.8,213400,0.585,Rap,0.0,10,0.153,-7.343,1,0.0924,126.058,4,0.779
"('DNA.', 'Kendrick Lamar')",0.00454,0.638,185947,0.523,Rap,0.0,1,0.0842,-6.664,1,0.357,139.913,4,0.422
"('All The Stars (with SZA)', 'Kendrick Lamar')",0.0605,0.698,232187,0.633,Rap,0.000194,8,0.0926,-4.946,1,0.0597,96.924,4,0.552
"('Pray For Me (with Kendrick Lamar)', 'Kendrick Lamar')",0.0762,0.735,211440,0.677,Rap,2.17e-05,2,0.111,-4.979,1,0.093,100.584,4,0.188
"(""King's Dead (with Kendrick Lamar, Future & James Blake)"", 'Kendrick Lamar')",0.000813,0.645,229670,0.705,Rap,0.0,1,0.128,-5.008,1,0.299,137.133,4,0.376
"('King Kunta', 'Kendrick Lamar')",0.00589,0.884,234693,0.657,Rap,0.0,6,0.154,-4.569,0,0.0977,107.059,4,0.489
"('LOYALTY. FEAT. RIHANNA.', 'Kendrick Lamar')",0.0265,0.658,227360,0.535,Rap,0.0,9,0.2,-8.983,0,0.0573,110.684,4,0.419
"('Alright', 'Kendrick Lamar')",0.0742,0.796,219333,0.766,Rap,0.0,7,0.0827,-5.974,1,0.238,110.034,4,0.558
"('HUMBLE. - SKRILLEX REMIX', 'Kendrick Lamar')",0.00781,0.902,156800,0.934,Rap,8.23e-05,11,0.194,-2.345,1,0.272,150.029,4,0.867
"('Piano Concerto No. 21 in C Major, K. 467 ""Elvira Madigan"": II. Andante', 'Wolfgang Amadeus Mozart')",0.982,0.194,433800,0.0324,Classical,0.961,5,0.0916,-28.215,1,0.0382,144.13,4,0.0596
"('Requiem, K. 626: Lacrimosa', 'Wolfgang Amadeus Mozart')",0.944,0.162,169667,0.0898,Classical,0.917,2,0.187,-23.269,0,0.0354,132.047,3,0.0413
"('Le Nozze di Figaro, K. 492: Sinfonia', 'Wolfgang Amadeus Mozart')",0.839,0.386,251200,0.0738,Classical,0.947,2,0.155,-19.369,1,0.0433,142.499,4,0.172
"('Symphony No.25 in G minor, K.183: 1. Allegro con brio', 'Wolfgang Amadeus Mozart')",0.987,0.428,460027,0.237,Classical,0.896,7,0.0849,-13.764,0,0.0351,79.904,4,0.357
"('Piano Sonata No. 16 in C Major, K. 545 ""Sonata facile"": 1. Allegro', 'Wolfgang Amadeus Mozart')",0.982,0.308,294467,0.211,Classical,0.931,0,0.145,-22.838,1,0.0385,120.481,4,0.645
"('Adagio in E Major, K. 261', 'Wolfgang Amadeus Mozart')",0.969,0.194,517360,0.079,Classical,0.498,4,0.126,-21.389,1,0.0425,100.309,4,0.082
"('Klarinettenkonzert A-Dur, K. 622: 2. Adagio (Jenseits von Afrika): II. Adagio', 'Wolfgang Amadeus Mozart')",0.967,0.122,477733,0.0182,Classical,0.834,2,0.0735,-27.89,1,0.0383,77.59,3,0.0473
"('Serenade No. 13 in G Major, K. 525 ""Eine kleine Nachtmusik"": I. Allegro', 'Wolfgang Amadeus Mozart')",0.948,0.492,351493,0.136,Classical,0.893,7,0.0726,-18.839,1,0.0463,135.786,4,0.445
"('Requiem in D minor, K.626: 3. Sequentia: Confutatis', 'Wolfgang Amadeus Mozart')",0.991,0.128,147573,0.0386,Classical,0.94,0,0.104,-23.759,1,0.0434,75.078,4,0.0359
"('Ave verum corpus', 'Wolfgang Amadeus Mozart')",0.979,0.21,164387,0.101,Classical,0.964,2,0.106,-25.054,1,0.0418,76.627,3,0.0352
"('Cello Suite No. 1 in G Major, BWV 1007: I. Prélude', 'Johann Sebastian Bach')",0.9,0.257,151480,0.109,Classical,0.867,7,0.0762,-21.356,1,0.0597,75.02,4,0.307
"('The Well-Tempered Clavier: Book 1, BWV 846-869: 1. Prelude in C Major, BWV 846', 'Johann Sebastian Bach')",0.989,0.235,139307,0.125,Classical,0.896,0,0.101,-25.418,1,0.0449,134.096,4,0.208
"('Goldberg Variations, BWV 988: Aria', 'Johann Sebastian Bach')",0.995,0.454,184853,0.0139,Classical,0.943,4,0.0736,-29.966,0,0.0514,130.253,4,0.244
"('Unaccompanied Cello Suite No. 1 in G Major, BWV 1007: I. Prélude', 'Johann Sebastian Bach')",0.988,0.326,150973,0.0993,Classical,0.916,7,0.108,-22.496,1,0.072,137.274,1,0.417
"('Suite No.3 In D, BWV 1068: 2. Air', 'Johann Sebastian Bach')",0.918,0.0753,365147,0.07,Classical,0.947,2,0.146,-27.272,1,0.044,79.801,4,0.0625
"('Sheep May Safely Graze', 'Johann Sebastian Bach')",0.995,0.494,295840,0.016,Classical,0.922,10,0.136,-32.307,1,0.0426,98.224,4,0.118
"('The Well-Tempered Clavier, Book 1, Prelude & Fugue in C Major, BWV 846: I. Prelude', 'Johann Sebastian Bach')",0.992,0.163,205507,0.00955,Classical,0.946,0,0.0657,-36.345,1,0.0511,72.327,3,0.167
"('Organ Sonata No. 4, BWV 528: 2. Andante [Adagio] (Transcr. by August Stradal)', 'Johann Sebastian Bach')",0.992,0.384,326520,0.0414,Classical,0.897,11,0.0684,-23.019,0,0.0378,71.224,4,0.0618
"(""Herz und Mund und Tat und Leben, Cantata BWV 147: Jesu, Joy Of Man's Desiring (Arr. For Piano By Myra Hess)"", 'Johann Sebastian Bach')",0.995,0.239,243373,0.0142,Classical,0.894,7,0.0659,-29.65,1,0.0438,172.559,3,0.306
"('Orchestral Suite No. 3 in D Major, BWV 1068: II. Air ""On a G String"" (Arr. for Piano)', 'Johann Sebastian Bach')",0.996,0.5,327080,0.0104,Classical,0.949,2,0.0573,-26.764,1,0.0622,114.76,4,0.133
"('Clair de Lune, L. 32', 'Claude Debussy')",0.994,0.335,268000,0.00532,Classical,0.912,1,0.0621,-31.646,1,0.0376,65.832,4,0.0397
"('Suite bergamasque: Suite bergamasque: III. Clair de lune. Andante très expressif', 'Claude Debussy')",0.993,0.343,279160,0.0252,Classical,0.932,1,0.0454,-27.013,1,0.0488,67.207,5,0.0395
"('Suite bergamasque, L. 75: 3. Clair de lune', 'Claude Debussy')",0.994,0.277,294667,0.0063,Classical,0.895,1,0.0645,-31.923,1,0.0458,77.832,3,0.0386
"('Rêverie', 'Claude Debussy')",0.995,0.251,233400,0.00904,Classical,0.922,5,0.0779,-31.599,1,0.0406,62.225,4,0.0819
"('Debussy : Suite bergamasque : III Clair de lune', 'Claude Debussy')",0.993,0.367,357653,0.019,Classical,0.914,1,0.0698,-28.121,1,0.0542,169.443,3,0.0391
"('Suite bergamasque, L. 75: Clair de lune', 'Claude Debussy')",0.994,0.339,346347,0.00597,Classical,0.926,3,0.0695,-27.888,0,0.0509,102.801,4,0.0353
"('Dances for Harp and Orchestra, L. 103: 2. Danse profane', 'Claude Debussy')",0.977,0.266,279653,0.0662,Classical,0.922,7,0.102,-21.072,1,0.0356,142.161,3,0.0402
"('Rêverie, L. 68: Rêverie', 'Claude Debussy')",0.994,0.296,256000,0.00896,Classical,0.91,7,0.0825,-31.948,0,0.0394,69.432,3,0.0673
"('2 Arabesques, L. 66: No. 1 in E Major', 'Claude Debussy')",0.99,0.294,244107,0.0171,Classical,0.91,4,0.0854,-32.377,1,0.038,137.906,4,0.0639
"('Suite Bergamasque: Clair de Lune', 'Claude Debussy')",0.992,0.375,314120,0.00607,Classical,0.883,1,0.0562,-29.405,1,0.0501,67.978,5,0.0445
"('Duel of the Fates', 'John Williams')",0.733,0.471,254347,0.411,Classical,0.853,2,0.28,-15.755,1,0.041,79.986,4,0.282
"('Theme From Jurassic Park', 'John Williams')",0.946,0.144,207427,0.132,Classical,0.779,10,0.115,-19.115,1,0.0333,102.283,3,0.0627
"(""Theme From Schindler's List"", 'John Williams')",0.859,0.142,255693,0.113,Classical,0.838,2,0.107,-25.362,0,0.0415,98.575,1,0.0697
"(""Hedwig's Theme"", 'John Williams')",0.897,0.156,309093,0.162,Classical,0.691,2,0.111,-17.101,0,0.036,73.407,4,0.077
"('Prologue', 'John Williams')",0.957,0.177,130293,0.0188,Classical,0.446,2,0.635,-29.484,0,0.0367,146.472,3,0.0819
"(""The Imperial March (Darth Vader's Theme)"", 'John Williams')",0.753,0.577,179573,0.379,Classical,0.955,7,0.126,-13.82,0,0.0368,103.112,4,0.284
"('Across the Stars (Love Theme from ""Star Wars: Attack of the Clones"")', 'John Williams')",0.774,0.116,333347,0.13,Classical,0.914,0,0.111,-18.278,1,0.0355,80.611,4,0.0666
"(""Harry's Wondrous World"", 'John Williams')",0.881,0.227,321067,0.264,Classical,0.9,0,0.114,-14.905,1,0.0325,84.986,4,0.228
"('Battle of the Heroes', 'John Williams')",0.783,0.174,222600,0.298,Classical,0.953,0,0.14,-15.017,0,0.033,89.962,4,0.133
"(""Rey's Theme"", 'John Williams')",0.975,0.234,191067,0.139,Classical,0.889,9,0.0814,-16.854,0,0.0342,102.682,4,0.12
"('Sonata No. 14 ""Moonlight"" in C-Sharp Minor"", Op. 27 No. 2: I. Adagio sostenuto', 'Ludwig van Beethoven')",0.995,0.184,315427,0.00527,Classical,0.887,1,0.173,-37.264,0,0.0432,170.612,3,0.151
"('Für Elise, WoO 59', 'Ludwig van Beethoven')",0.994,0.303,188467,0.108,Classical,0.877,9,0.0805,-27.433,0,0.0473,126.931,3,0.18
"('Bagatelle No. 25 in A Minor, ""Für Elise"", WoO 59', 'Ludwig van Beethoven')",0.985,0.249,207627,0.0698,Classical,0.949,5,0.0669,-25.255,1,0.042,134.711,5,0.0991
"('Symphony No. 5 in C Minor, Op. 67: I. Allegro con brio', 'Ludwig van Beethoven')",0.957,0.248,442000,0.298,Classical,0.9,0,0.0943,-15.661,0,0.0395,97.853,4,0.157
"('Piano Concerto No.5 in E flat major Op.73 -""Emperor"": 2. Adagio un poco mosso', 'Ludwig van Beethoven')",0.988,0.227,498867,0.0227,Classical,0.909,11,0.103,-29.761,1,0.0432,84.99,4,0.04
"('Piano Sonata No. 14 in C-Sharp Minor, Op. 27, No. 2, ""Moonlight"": I. Adagio sostenuto', 'Ludwig van Beethoven')",0.994,0.141,313480,0.00123,Classical,0.942,1,0.11,-43.851,0,0.0429,78.155,3,0.0843
"('Piano Sonata No. 8 in C Minor, Op. 13, ""Pathétique"": II. Adagio cantabile', 'Ludwig van Beethoven')",0.995,0.234,303280,0.00304,Classical,0.911,8,0.0935,-36.857,1,0.0509,63.074,4,0.0865
"('Moonlight Sonata (First Movement from Piano Sonata No. 14, Op. 27 No. 2)', 'Ludwig van Beethoven')",0.991,0.215,294883,0.199,Classical,0.916,1,0.095,-20.583,0,0.0441,179.018,3,0.34
"('Piano Sonata No. 14 in C-Sharp Minor, Op. 27 No. 2 ""Moonlight"": I. Adagio sostenuto', 'Ludwig van Beethoven')",0.995,0.205,315200,0.00644,Classical,0.872,1,0.115,-38.382,0,0.0604,163.137,3,0.147
"('Piano Sonata No. 14 in C-Sharp Minor, Op. 27 No. 2 ""Moonlight"": I. Adagio sostenuto', 'Ludwig van Beethoven')",0.995,0.164,442800,0.00167,Classical,0.892,1,0.131,-42.66,0,0.0427,71.323,4,0.181
"('Pachelbel: Canon and Gigue in D Major, P. 37: I. Canon', 'Johann Pachelbel')",0.744,0.128,301587,0.132,Classical,0.942,2,0.107,-17.67,1,0.0353,85.314,4,0.0988
"('Canon in D Major, P.37', 'Johann Pachelbel')",0.988,0.407,288853,0.122,Classical,0.942,2,0.113,-17.925,1,0.0427,105.484,4,0.216
"('Canon in D', 'Johann Pachelbel')",0.808,0.151,376533,0.125,Classical,0.308,2,0.121,-20.414,1,0.0386,150.812,4,0.29
"('Canon in D, P.37', 'Johann Pachelbel')",0.324,0.14,269693,0.24,Classical,0.895,2,0.495,-17.441,1,0.0369,95.557,4,0.0928
"('Canon & Gigue', 'Johann Pachelbel')",0.527,0.332,316267,0.218,Classical,0.238,1,0.223,-15.772,1,0.0392,124.63,4,0.538
"('Canon and Gigue in D major - arr. Max Seiffert: 1. Canon', 'Johann Pachelbel')",0.923,0.264,310000,0.11,Classical,0.898,2,0.37,-19.692,1,0.0358,92.54,4,0.191
"('Pachelbel: Canon in D Major', 'Johann Pachelbel')",0.994,0.395,239547,0.192,Classical,0.931,2,0.104,-17.514,1,0.0604,73.135,4,0.24
"('Kanon und Gigue', 'Johann Pachelbel')",0.799,0.31,256840,0.23,Classical,0.00375,2,0.0854,-18.279,1,0.0467,76.356,4,0.517
"('Canon in D', 'Johann Pachelbel')",0.936,0.195,378533,0.138,Classical,0.874,2,0.156,-18.745,1,0.0447,125.631,4,0.145
"('Canon and Gigue in D Major, P. 37: I. Canon', 'Johann Pachelbel')",0.82,0.191,285514,0.14,Classical,0.873,2,0.104,-20.618,1,0.0335,96.094,4,0.186
"('Nocturne en mi bémol majeur opus 9 n°2: Ballade en Sol Mineur No.1', 'Frédéric Chopin')",0.99,0.387,268427,0.0451,Classical,0.913,3,0.112,-24.698,1,0.0364,61.494,4,0.071
"('Chopin: Nocturne No. 20 in C-Sharp Minor, Op. Posth.', 'Frédéric Chopin')",0.992,0.225,259493,0.0047,Classical,0.881,1,0.0722,-30.928,0,0.0509,163.665,4,0.186
"('Nocturne No.2 In E Flat, Op.9 No.2', 'Frédéric Chopin')",0.984,0.442,273667,0.00919,Classical,0.936,3,0.0873,-32.452,1,0.047,79.314,4,0.0929
"('Nocturne, Op. posth. in C-Sharp Minor: Lento', 'Frédéric Chopin')",0.992,0.272,239973,0.00397,Classical,0.9,1,0.0763,-31.601,0,0.0475,72.059,4,0.19
"('Nocturne No. 19 in E Minor, Op. 72, No. 1', 'Frédéric Chopin')",0.991,0.31,241987,0.00735,Classical,0.952,4,0.0968,-30.904,0,0.0361,65.879,4,0.0924
"('Waltz in C-Sharp Minor, Op. 64 No. 2', 'Frédéric Chopin')",0.991,0.314,199773,0.0157,Classical,0.916,1,0.134,-36.252,0,0.0356,95.89,4,0.0939
"('Chopin: 24 Preludes Op. 28: No. 15 in D-Flat Major, ""Raindrop""', 'Frédéric Chopin')",0.995,0.398,348333,0.00293,Classical,0.922,1,0.0897,-29.481,1,0.0666,130.464,4,0.0804
"('24 Préludes, Op. 28: No.4 in E minor - Largo', 'Frédéric Chopin')",0.991,0.416,131200,0.0164,Classical,0.866,5,0.116,-25.933,1,0.0483,110.635,4,0.0365
"('Nocturnes, Op. 9: No. 2 in E-Flat Major. Andante', 'Frédéric Chopin')",0.989,0.422,274040,0.0163,Classical,0.918,3,0.177,-26.561,1,0.0399,64.079,4,0.108
"('Nocturne in E-Flat Major, Op. 9, No.2', 'Frédéric Chopin')",0.992,0.309,232240,0.0472,Classical,0.866,3,0.0979,-25.497,1,0.041,72.915,3,0.0693
"('An der schönen blauen Donau, Op.314', 'Johann Strauss II')",0.975,0.233,707173,0.0252,Classical,0.601,2,0.143,-24.824,1,0.0346,94.736,4,0.0936
"('The Blue Danube', 'Johann Strauss II')",0.929,0.226,527400,0.0701,Classical,0.782,2,0.123,-20.668,1,0.0361,176.342,3,0.15
"('An der schönen blauen Donau, Op.314', 'Johann Strauss II')",0.951,0.227,598093,0.151,Classical,0.819,2,0.403,-17.74,1,0.0348,100.016,4,0.113
"('Marcha Radetzky, Op.228', 'Johann Strauss II')",0.803,0.572,154707,0.5,Classical,0.831,9,0.114,-11.663,1,0.038,106.508,4,0.381
"('Die Fledermaus: Overture', 'Johann Strauss II')",0.932,0.386,460000,0.239,Classical,0.776,2,0.0548,-14.492,1,0.0453,109.209,3,0.199
"('Strauss Jr., J.: Frühlingsstimmen, Op. 410 (Excerpt)', 'Johann Strauss II')",0.94,0.291,351627,0.0648,Classical,0.93,10,0.345,-22.707,1,0.0342,111.826,4,0.347
"('Strauss & Co - Medley', 'Johann Strauss II')",0.804,0.315,300400,0.387,Classical,0.867,7,0.361,-11.223,1,0.0293,100.172,4,0.508
"('Frühlingsstimmen, Op. 410', 'Johann Strauss II')",0.968,0.153,465520,0.0428,Classical,0.87,10,0.103,-26.1,1,0.0393,181.28,3,0.166
"('The Blue Danube Waltz, Op. 314', 'Johann Strauss II')",0.971,0.287,637238,0.0912,Classical,0.932,2,0.105,-17.796,1,0.0362,94.741,4,0.108
"('The Blue Danube', 'Johann Strauss II')",0.974,0.269,351107,0.184,Classical,0.793,2,0.0669,-14.409,1,0.0309,94.359,4,0.259
"('The Other Side (from Trolls World Tour)', 'SZA')",0.00277,0.761,188187,0.607,R&B,0,7,0.132,-6.274,1,0.0964,105.979,4,0.71
"('The Weekend - Funk Wav Remix', 'SZA')",0.495,0.775,171806,0.573,R&B,0,11,0.126,-4.933,1,0.0585,101.925,4,0.667
"('All The Stars (with SZA)', 'SZA')",0.0605,0.698,232187,0.633,R&B,0.000194,8,0.0926,-4.946,1,0.0597,96.924,4,0.552
"('Love Galore (feat. Travis Scott)', 'SZA')",0.111,0.795,275080,0.594,R&B,0,0,0.162,-6.2,1,0.0747,135.002,4,0.409
"('The Weekend', 'SZA')",0.241,0.487,272187,0.366,R&B,0,8,0.126,-9.405,0,0.0531,68.191,5,0.161
"('Broken Clocks', 'SZA')",0.13,0.684,231253,0.683,R&B,0,6,0.156,-7.366,1,0.177,112.856,4,0.406
"('Power is Power (feat. The Weeknd & Travis Scott)', 'SZA')",0.00413,0.507,211267,0.644,R&B,0,4,0.217,-7.485,1,0.0641,179.913,4,0.172
"('I Do (feat. SZA)', 'SZA')",0.27,0.886,200205,0.473,R&B,2.58e-05,7,0.0864,-7.338,0,0.255,135.065,4,0.438
"('Garden (Say It Like Dat)', 'SZA')",0.0705,0.727,208400,0.456,R&B,0,9,0.124,-7.26,1,0.285,111.331,4,0.548
"('Drew Barrymore', 'SZA')",0.493,0.578,231400,0.523,R&B,0,0,0.147,-5.538,0,0.0429,134.931,4,0.29
"('Always Be My Baby', 'Mariah Carey')",0.457,0.649,258133,0.531,R&B,0,4,0.249,-8.335,1,0.0363,78.946,4,0.488
"('Hero', 'Mariah Carey')",0.735,0.501,257733,0.378,R&B,0,4,0.119,-9.37,1,0.029,119.987,4,0.178
"('We Belong Together', 'Mariah Carey')",0.0339,0.837,201400,0.462,R&B,0,0,0.09,-7.89,1,0.0601,139.986,4,0.762
"('Fantasy', 'Mariah Carey')",0.139,0.671,243493,0.727,R&B,0,7,0.123,-7.585,1,0.035,102.358,4,0.801
"('Without You', 'Mariah Carey')",0.323,0.576,213667,0.526,R&B,2.01e-06,6,0.0548,-8.524,1,0.0325,122.06,4,0.147
"('One Sweet Day', 'Mariah Carey')",0.353,0.569,281067,0.495,R&B,0,1,0.0839,-8.964,1,0.03,128.228,4,0.302
"('Obsessed', 'Mariah Carey')",0.0465,0.742,242200,0.468,R&B,0,10,0.826,-5.557,0,0.0625,86.443,4,0.369
"('I Know What You Want (feat. Flipmode Squad)', 'Mariah Carey')",0.0142,0.648,324307,0.759,R&B,0,6,0.648,-4.315,1,0.306,85.996,4,0.518
"('Touch My Body', 'Mariah Carey')",0.0996,0.715,204733,0.665,R&B,0,4,0.224,-7.736,0,0.0502,78.502,4,0.84
"('All I Want for Christmas Is You', 'Mariah Carey')",0.164,0.335,241107,0.625,R&B,0,7,0.0708,-7.462,1,0.0386,150.277,4,0.346
"('Slide', 'H.E.R.')",0.0807,0.827,238321,0.469,R&B,8.12e-06,10,0.207,-9.141,0,0.341,97.028,4,0.196
"('Best Part (feat. Daniel Caesar)', 'H.E.R.')",0.795,0.473,209400,0.371,R&B,0.0,4,0.109,-10.219,0,0.0405,75.208,4,0.413
"('Slide (Remix) (feat. Pop Smoke, A Boogie Wit da Hoodie & Chris Brown)', 'H.E.R.')",0.0145,0.815,296011,0.513,R&B,0.000102,1,0.14,-8.363,1,0.244,96.982,4,0.17
"(""Could've Been (feat. Bryson Tiller)"", 'H.E.R.')",0.654,0.455,252747,0.352,R&B,3.72e-06,1,0.249,-11.733,0,0.25,103.342,4,0.407
"('Wrong Places (from Songland)', 'H.E.R.')",0.224,0.548,197727,0.457,R&B,8.32e-05,4,0.11,-7.626,1,0.0691,175.659,4,0.494
"('Comfortable', 'H.E.R.')",0.632,0.429,255066,0.399,R&B,3.23e-05,5,0.087,-11.679,0,0.0893,72.487,4,0.353
"('Slow Down (with H.E.R.)', 'H.E.R.')",0.0409,0.683,195067,0.715,R&B,1.72e-06,11,0.0935,-6.024,0,0.0789,99.989,4,0.77
"('Hard Place', 'H.E.R.')",0.179,0.614,271733,0.719,R&B,1.72e-05,9,0.163,-4.694,1,0.0955,160.075,4,0.34
"('This Way', 'H.E.R.')",0.694,0.62,211205,0.282,R&B,0.0,5,0.119,-10.533,0,0.0464,124.609,3,0.193
"('Focus', 'H.E.R.')",0.255,0.415,200133,0.313,R&B,1.4e-05,1,0.117,-12.945,0,0.0561,84.953,4,0.0875
"('Girls Need Love (with Drake) - Remix', 'Summer Walker')",0.443,0.656,222374,0.432,R&B,0,6,0.132,-9.481,0,0.217,97.022,4,0.0897
"('Playing Games (with Bryson Tiller) - Extended Version', 'Summer Walker')",0.603,0.726,143227,0.408,R&B,0,11,0.225,-6.606,0,0.0614,115.918,4,0.459
"('Girls Need Love', 'Summer Walker')",0.558,0.645,140760,0.418,R&B,0.0003,6,0.562,-10.065,0,0.29,96.963,4,0.123
"('Eleven (feat. Summer Walker)', 'Summer Walker')",0.133,0.679,206080,0.408,R&B,0.00455,4,0.23,-9.754,0,0.0882,129.079,4,0.151
"('Come Thru (with Usher)', 'Summer Walker')",0.159,0.679,181013,0.728,R&B,0,5,0.107,-3.092,0,0.154,152.001,4,0.46
"('Secret (feat. Summer Walker)', 'Summer Walker')",0.0893,0.727,210462,0.496,R&B,0.00011,5,0.0987,-10.386,0,0.178,130.061,4,0.504
"('Playing Games', 'Summer Walker')",0.7,0.759,143667,0.413,R&B,0,11,0.14,-7.282,0,0.0494,115.893,4,0.403
"(""I'll Kill You (feat. Jhené Aiko)"", 'Summer Walker')",0.427,0.679,179973,0.443,R&B,0,10,0.106,-8.528,0,0.153,104.049,4,0.363
"('Session 32', 'Summer Walker')",0.894,0.574,98027,0.123,R&B,0.00111,1,0.118,-13.959,1,0.196,115.431,3,0.117
"('Something Real (with London On Da Track & Chris Brown)', 'Summer Walker')",0.0564,0.685,183138,0.667,R&B,0,8,0.115,-3.837,1,0.0365,95.518,4,0.643
"('B.S. (feat. H.E.R.)', 'Jhené Aiko')",0.554,0.617,212867,0.525,R&B,1.1e-06,8,0.135,-10.426,0,0.12,135.781,4,0.377
"('P*$$Y Fairy (OTW)', 'Jhené Aiko')",0.536,0.572,181860,0.519,R&B,0.0,2,0.102,-7.092,0,0.212,128.331,4,0.35
"('Sativa', 'Jhené Aiko')",0.315,0.741,276960,0.61,R&B,0.0,6,0.534,-7.34,0,0.0512,125.99,4,0.72
"('Triggered (freestyle)', 'Jhené Aiko')",0.799,0.485,209933,0.389,R&B,0.0,0,0.146,-10.765,1,0.298,93.175,4,0.391
"('Happiness Over Everything (H.O.E.) (feat. Future & Miguel)', 'Jhené Aiko')",0.131,0.415,188160,0.674,R&B,0.0,1,0.202,-8.134,0,0.335,134.769,4,0.867
"(""While We're Young"", 'Jhené Aiko')",0.107,0.454,236160,0.791,R&B,2.1e-06,2,0.108,-6.013,1,0.335,127.638,4,0.791
"('None Of Your Concern (feat. Big Sean)', 'Jhené Aiko')",0.856,0.437,259387,0.517,R&B,0.0,9,0.109,-9.329,0,0.225,82.757,4,0.373
"('The Worst', 'Jhené Aiko')",0.253,0.539,254493,0.414,R&B,1.3e-06,1,0.143,-9.156,0,0.0601,94.895,4,0.123
"('My Type (feat. City Girls & Jhené Aiko) - Remix', 'Jhené Aiko')",0.00782,0.925,172314,0.904,R&B,0.0,2,0.109,-3.362,1,0.201,105.02,4,0.758
"('Never Call Me', 'Jhené Aiko')",0.874,0.484,270547,0.309,R&B,1.29e-06,2,0.101,-10.238,0,0.213,99.424,3,0.13
"('Blinding Lights', 'The Weeknd')",0.00146,0.514,200040,0.73,R&B,9.54e-05,1,0.0897,-5.934,1,0.0598,171.005,4,0.334
"('In Your Eyes', 'The Weeknd')",0.00285,0.667,237520,0.719,R&B,8.1e-05,7,0.0736,-5.371,0,0.0346,100.021,4,0.717
"('After Hours', 'The Weeknd')",0.0811,0.664,361027,0.572,R&B,0.00604,5,0.121,-6.099,0,0.0305,108.959,4,0.143
"('Heartless', 'The Weeknd')",0.0236,0.537,198267,0.746,R&B,1.01e-06,10,0.156,-5.507,0,0.15,170.062,4,0.252
"('Starboy', 'The Weeknd')",0.141,0.679,230453,0.587,R&B,6.35e-06,7,0.137,-7.015,1,0.276,186.003,4,0.486
"('The Hills', 'The Weeknd')",0.0671,0.585,242253,0.564,R&B,0.0,0,0.135,-7.063,0,0.0515,113.003,4,0.137
"('Call Out My Name', 'The Weeknd')",0.17,0.461,228373,0.593,R&B,0.0,1,0.307,-4.954,1,0.0356,134.17,3,0.175
"('Save Your Tears', 'The Weeknd')",0.0212,0.68,215627,0.826,R&B,1.24e-05,0,0.543,-5.487,1,0.0309,118.051,4,0.644
"('I Feel It Coming', 'The Weeknd')",0.426,0.773,269187,0.819,R&B,0.0,0,0.0679,-5.946,0,0.118,92.99,4,0.585
"(""Can't Feel My Face"", 'The Weeknd')",0.113,0.705,213520,0.769,R&B,0.0,9,0.105,-5.526,0,0.0425,107.949,4,0.583
"('Yeah! (feat. Lil Jon & Ludacris)', 'Usher')",0.0183,0.894,250373,0.791,R&B,0,2,0.0388,-4.699,1,0.112,105.018,4,0.583
"(""DJ Got Us Fallin' In Love (feat. Pitbull)"", 'Usher')",0.0338,0.663,220800,0.861,R&B,0,7,0.082,-3.398,0,0.109,119.963,4,0.654
"('Come Thru (with Usher)', 'Usher')",0.159,0.679,181013,0.728,R&B,0,5,0.107,-3.092,0,0.154,152.001,4,0.46
"('My Boo', 'Usher')",0.257,0.662,223440,0.507,R&B,0,5,0.0465,-8.238,1,0.118,86.412,4,0.676
"('U Remind Me', 'Usher')",0.194,0.657,266893,0.629,R&B,0,6,0.254,-4.938,1,0.0782,93.985,4,0.726
"('OMG (feat. will.i.am)', 'Usher')",0.198,0.781,269493,0.745,R&B,1.14e-05,4,0.36,-5.81,0,0.0332,129.998,4,0.326
"(""I Don't Mind (feat. Juicy J)"", 'Usher')",0.205,0.87,251989,0.464,R&B,0,4,0.0902,-8.337,1,0.178,112.974,4,0.457
"('U Got It Bad', 'Usher')",0.0227,0.816,247840,0.5,R&B,1.53e-06,1,0.0733,-4.551,1,0.03,124.037,4,0.649
"(""Don't Waste My Time (feat. Ella Mai)"", 'Usher')",0.125,0.701,199720,0.778,R&B,0,2,0.0828,-5.076,1,0.201,99.956,4,0.609
"('Love in This Club (feat. Young Jeezy)', 'Usher')",0.0572,0.573,259720,0.712,R&B,0,0,0.167,-5.976,1,0.0732,140.012,4,0.346
"('Remember Me', 'UMI')",0.456,0.84,199227,0.344,R&B,3.36e-05,5,0.35,-8.613,0,0.0374,111.994,4,0.526
"('Love Affair', 'UMI')",0.129,0.613,190960,0.488,R&B,2.13e-05,8,0.335,-7.372,1,0.0959,172.067,4,0.183
"('Butterfly', 'UMI')",0.255,0.785,160500,0.27,R&B,0.00132,5,0.0953,-14.457,1,0.0892,131.894,4,0.12
"('Mother', 'UMI')",0.823,0.366,189012,0.452,R&B,0.000126,1,0.0633,-11.88,1,0.197,168.642,4,0.119
"('Down to Earth', 'UMI')",0.236,0.609,201933,0.335,R&B,0.0,0,0.0595,-9.378,1,0.0372,85.077,4,0.342
"('River', 'UMI')",0.851,0.632,201143,0.274,R&B,0.0,8,0.108,-9.413,1,0.0321,96.839,4,0.146
"('Introspection', 'UMI')",0.245,0.613,168907,0.428,R&B,0.0,0,0.254,-9.064,1,0.0514,105.09,4,0.352
"('Play Too Much', 'UMI')",0.456,0.877,197205,0.452,R&B,4.37e-06,9,0.139,-5.773,0,0.0898,110.021,4,0.89
"('Midnight Blues', 'UMI')",0.965,0.763,147304,0.494,R&B,0.00173,11,0.173,-6.857,0,0.0487,88.011,4,0.347
"('Open Up', 'UMI')",0.19,0.608,171600,0.674,R&B,8.46e-05,7,0.101,-6.605,0,0.114,88.985,4,0.66
"('In A Sentimental Mood', 'John Coltrane')",0.936,0.464,255227,0.305,Jazz,0.0846,3,0.208,-12.435,0,0.0316,108.229,4,0.282
"('My Little Brown Book', 'John Coltrane')",0.942,0.372,319733,0.187,Jazz,0.139,0,0.161,-13.497,0,0.0323,70.334,4,0.217
"('My One And Only Love', 'John Coltrane')",0.988,0.461,296667,0.0546,Jazz,0.208,0,0.126,-18.982,1,0.0362,128.91,4,0.23
"('Naima', 'John Coltrane')",0.948,0.303,258266,0.0141,Jazz,0.0944,10,0.0792,-19.759,0,0.0418,171.439,3,0.157
"('Blue Train - Remastered 2003', 'John Coltrane')",0.798,0.506,644013,0.493,Jazz,0.00355,8,0.307,-7.759,1,0.0427,134.77,4,0.584
"('My Favorite Things', 'John Coltrane')",0.694,0.277,824133,0.242,Jazz,0.464,4,0.113,-18.442,1,0.0342,175.384,3,0.285
"('Blue World', 'John Coltrane')",0.732,0.477,368253,0.733,Jazz,0.0756,8,0.153,-8.301,1,0.0682,120.42,3,0.385
"(""I'm Old Fashioned - Remastered 2003/Rudy Van Gelder Edition"", 'John Coltrane')",0.931,0.394,477760,0.23,Jazz,0.497,3,0.0662,-10.475,1,0.0348,78.319,4,0.358
"('Giant Steps', 'John Coltrane')",0.441,0.431,283440,0.491,Jazz,0.000458,0,0.134,-10.746,0,0.0562,148.243,4,0.577
"(""I'll Wait and Pray"", 'John Coltrane')",0.89,0.475,206360,0.0588,Jazz,0.0238,5,0.129,-17.464,0,0.0418,115.642,4,0.241
"('Blue in Green', 'Miles Davis')",0.81,0.421,337733,0.0161,Jazz,0.0021,2,0.0978,-25.358,0,0.0374,110.926,4,0.16
"('So What', 'Miles Davis')",0.705,0.517,562640,0.151,Jazz,0.00136,0,0.116,-17.266,1,0.0373,136.356,4,0.21
"('Flamenco Sketches', 'Miles Davis')",0.899,0.349,566133,0.0219,Jazz,0.12,2,0.0906,-21.065,0,0.0425,177.92,3,0.224
"(""'Round Midnight"", 'Miles Davis')",0.79,0.495,355333,0.182,Jazz,0.000368,10,0.129,-11.116,0,0.0467,112.89,4,0.203
"('Stella By Starlight', 'Miles Davis')",0.912,0.485,284560,0.144,Jazz,0.000114,10,0.0965,-12.824,1,0.0362,86.143,4,0.246
"('Milestones', 'Miles Davis')",0.442,0.553,342067,0.546,Jazz,0.000514,9,0.167,-7.459,0,0.0341,118.215,4,0.7
"('Freddie Freeloader', 'Miles Davis')",0.703,0.638,586400,0.186,Jazz,0.00103,8,0.118,-15.831,1,0.0347,128.372,4,0.498
"('Générique - BOF ""Ascenseur pour l\'échafaud""', 'Miles Davis')",0.974,0.391,168512,0.114,Jazz,0.949,2,0.183,-11.506,0,0.0329,70.197,4,0.139
"('All Blues', 'Miles Davis')",0.771,0.508,692747,0.149,Jazz,0.00474,0,0.115,-18.305,1,0.0313,139.444,3,0.365
"('Rubberband of Life (feat. Ledisi)', 'Miles Davis')",0.0395,0.721,344011,0.698,Jazz,0.0025,1,0.502,-5.791,1,0.0677,90.354,4,0.795
"('In A Sentimental Mood', 'Duke Ellington')",0.936,0.464,255227,0.305,Jazz,0.0846,3,0.208,-12.435,0,0.0316,108.229,4,0.282
"('My Little Brown Book', 'Duke Ellington')",0.942,0.372,319733,0.187,Jazz,0.139,0,0.161,-13.497,0,0.0323,70.334,4,0.217
"('Take the ""A"" Train', 'Duke Ellington')",0.278,0.479,331800,0.318,Jazz,0.0959,0,0.107,-13.836,1,0.0395,94.036,4,0.575
"('Haupe', 'Duke Ellington')",0.905,0.415,156307,0.0187,Jazz,0.194,10,0.0979,-20.209,1,0.0363,111.42,4,0.14
"('Jack the Bear', 'Duke Ellington')",0.466,0.533,199413,0.28,Jazz,9.83e-05,1,0.344,-12.809,1,0.0653,78.352,4,0.61
"(""The Single Petal Of A Rose - The Queen's Suite"", 'Duke Ellington')",0.991,0.331,244933,0.0294,Jazz,0.883,3,0.107,-22.342,0,0.0445,85.674,4,0.0475
"('Isfahan', 'Duke Ellington')",0.975,0.247,245880,0.072,Jazz,0.631,8,0.101,-13.544,1,0.032,173.372,3,0.0872
"(""It Don't Mean a Thing (If It Ain't Got That Swing)"", 'Duke Ellington')",0.543,0.714,240040,0.226,Jazz,0.0255,7,0.593,-13.247,0,0.197,96.247,4,0.545
"('Take The Coltrane', 'Duke Ellington')",0.199,0.433,282600,0.631,Jazz,0.0,5,0.271,-9.381,1,0.0458,129.493,4,0.654
"('Azalea', 'Duke Ellington')",0.6,0.676,303173,0.113,Jazz,1.56e-05,5,0.0696,-17.238,1,0.055,71.11,4,0.233
"('Take Five', 'Dave Brubeck')",0.846,0.437,324173,0.197,Jazz,0.411,8,0.0842,-19.523,0,0.0414,173.152,5,0.743
"('Besame Mucho', 'Dave Brubeck')",0.881,0.637,358693,0.257,Jazz,0.706,10,0.975,-17.527,0,0.0549,126.544,4,0.304
"('Unsquare Dance', 'Dave Brubeck')",0.0722,0.685,119733,0.608,Jazz,0.944,7,0.0923,-14.799,1,0.175,116.951,4,0.565
"('Audrey', 'Dave Brubeck')",0.965,0.668,212693,0.0829,Jazz,0.101,10,0.106,-16.429,0,0.0392,96.553,4,0.585
"('Bossa Nova U.S.A.', 'Dave Brubeck')",0.554,0.619,144160,0.359,Jazz,0.0115,5,0.0752,-19.488,1,0.0514,106.037,4,0.779
"('Blue Rondo à la Turk', 'Dave Brubeck')",0.846,0.59,406133,0.397,Jazz,0.254,7,0.116,-12.031,0,0.0375,113.473,4,0.436
"('Take Five - Studio Rio Version', 'Dave Brubeck')",0.386,0.62,174573,0.666,Jazz,3.85e-06,7,0.249,-7.676,0,0.0385,163.0,5,0.894
"('Ode To A Cowboy', 'Dave Brubeck')",0.798,0.583,301080,0.184,Jazz,0.377,5,0.116,-17.787,0,0.0395,138.243,4,0.635
"('My Favorite Things - Remastered', 'Dave Brubeck')",0.513,0.424,173600,0.312,Jazz,0.727,9,0.0854,-18.296,0,0.035,109.043,4,0.435
"(""I'm in a Dancing Mood"", 'Dave Brubeck')",0.599,0.46,179333,0.435,Jazz,0.161,7,0.0878,-12.681,0,0.0315,139.684,4,0.58
"('Cantaloupe Island - Remastered 1999 / Rudy Van Gelder Edition', 'Herbie Hancock')",0.749,0.515,333947,0.583,Jazz,0.000294,0,0.123,-8.182,0,0.0284,116.134,4,0.415
"('Watermelon Man', 'Herbie Hancock')",0.262,0.724,388960,0.414,Jazz,0.111,1,0.0785,-11.19,1,0.0588,146.939,4,0.719
"(""Doin' It"", 'Herbie Hancock')",0.109,0.739,482720,0.882,Jazz,0.684,11,0.0185,-11.946,0,0.0539,98.424,4,0.941
"('Chameleon', 'Herbie Hancock')",0.104,0.581,941360,0.672,Jazz,0.856,8,0.0458,-8.279,1,0.0602,111.154,4,0.808
"('Tell Me a Bedtime Story', 'Herbie Hancock')",0.713,0.398,301867,0.527,Jazz,0.934,4,0.119,-16.591,0,0.0297,118.504,4,0.353
"('Rockit', 'Herbie Hancock')",0.0317,0.878,325133,0.951,Jazz,0.544,7,0.0614,-5.077,1,0.069,111.334,4,0.607
"('Maiden Voyage - Remastered 1999/Rudy Van Gelder Edition', 'Herbie Hancock')",0.718,0.468,477093,0.459,Jazz,0.00323,0,0.0944,-9.706,0,0.0305,124.346,4,0.179
"('Watermelon Man - Remastered 2007', 'Herbie Hancock')",0.728,0.612,429267,0.526,Jazz,0.033,0,0.183,-8.558,0,0.0272,129.326,4,0.595
"('I Thought It Was You', 'Herbie Hancock')",0.394,0.729,535293,0.787,Jazz,0.0514,1,0.112,-11.38,1,0.047,116.21,4,0.717
"('Alone And I - Remastered 2007', 'Herbie Hancock')",0.98,0.411,389773,0.0681,Jazz,0.949,6,0.0971,-17.935,0,0.0332,101.996,4,0.057
"('When Sunny Gets Blue', 'McCoy Tyner')",0.843,0.427,282320,0.114,Jazz,0.863,2,0.0966,-22.546,0,0.0509,60.484,4,0.114
"('Search For Peace', 'McCoy Tyner')",0.938,0.456,392000,0.222,Jazz,0.806,0,0.24,-16.879,1,0.0354,112.725,4,0.15
"('Groove Waltz', 'McCoy Tyner')",0.747,0.477,331133,0.3,Jazz,0.656,5,0.0752,-16.749,1,0.0492,91.109,3,0.467
"('Contemplation', 'McCoy Tyner')",0.48,0.397,552493,0.534,Jazz,2.84e-05,0,0.0434,-11.346,0,0.031,102.372,3,0.468
"('Passion Dance', 'McCoy Tyner')",0.437,0.473,527427,0.771,Jazz,0.0,1,0.113,-8.653,1,0.0457,118.942,4,0.474
"('Satin Doll', 'McCoy Tyner')",0.861,0.706,339867,0.245,Jazz,0.938,0,0.102,-17.225,1,0.0521,119.828,4,0.442
"('Autumn Leaves', 'McCoy Tyner')",0.877,0.589,370000,0.157,Jazz,0.844,0,0.137,-22.414,0,0.0485,110.939,4,0.696
"('Blues On The Corner', 'McCoy Tyner')",0.619,0.461,360133,0.626,Jazz,0.0,5,0.17,-9.44,0,0.0433,117.364,4,0.523
"('Contemporary Focus', 'McCoy Tyner')",0.299,0.413,508280,0.598,Jazz,0.0,5,0.0599,-9.567,0,0.0697,177.509,3,0.595
"('Four By Five', 'McCoy Tyner')",0.453,0.393,397293,0.717,Jazz,0.0,11,0.0914,-9.278,0,0.043,135.998,4,0.7
"('L-O-V-E', 'Nat King Cole')",0.679,0.425,155307,0.373,Jazz,0,4,0.077,-7.543,1,0.0797,78.225,4,0.663
"('Unforgettable', 'Nat King Cole')",0.92,0.349,191973,0.182,Jazz,0.0152,5,0.143,-13.507,1,0.031,136.094,3,0.178
"('Smile', 'Nat King Cole')",0.862,0.226,173267,0.136,Jazz,8.07e-06,5,0.302,-19.203,0,0.0327,79.37,5,0.263
"('When I Fall In Love - Remastered', 'Nat King Cole')",0.814,0.243,191200,0.171,Jazz,0.00523,1,0.102,-17.543,1,0.037,126.599,4,0.0897
"('Orange Colored Sky', 'Nat King Cole')",0.92,0.535,153867,0.24,Jazz,0,10,0.111,-15.198,1,0.085,128.547,4,0.49
"('Let There Be Love', 'Nat King Cole')",0.853,0.676,165973,0.19,Jazz,0.000472,0,0.085,-16.696,1,0.0482,120.093,4,0.233
"('Stardust', 'Nat King Cole')",0.85,0.188,194040,0.0767,Jazz,0.000137,7,0.189,-24.695,1,0.037,76.22,3,0.146
"('(I Love You) For Sentimental Reasons', 'Nat King Cole')",0.977,0.41,184467,0.0418,Jazz,0.0137,1,0.117,-24.754,1,0.035,67.882,4,0.247
"('The Girl From Ipanema', 'Nat King Cole')",0.707,0.469,174773,0.382,Jazz,0,7,0.434,-10.47,1,0.0448,118.989,4,0.468
"('Mona Lisa', 'Nat King Cole')",0.952,0.241,194987,0.237,Jazz,0,1,0.113,-12.201,1,0.0371,174.578,3,0.303
"(""'Round Midnight"", 'Thelonious Monk')",0.907,0.542,193840,0.32,Jazz,0.649,8,0.0609,-9.975,1,0.0387,116.648,4,0.206
"(""I'm Confessin' (That I Love You)"", 'Thelonious Monk')",0.965,0.624,157027,0.359,Jazz,0.905,1,0.101,-9.457,1,0.0521,104.357,4,0.206
"('Straight, No Chaser', 'Thelonious Monk')",0.41,0.465,688133,0.35,Jazz,0.279,3,0.135,-12.977,1,0.0403,93.336,4,0.62
"(""Monk's Dream - Take 8"", 'Thelonious Monk')",0.572,0.698,385467,0.278,Jazz,0.0233,5,0.105,-15.425,1,0.0508,81.079,4,0.77
"('Ruby, My Dear', 'Thelonious Monk')",0.959,0.461,381520,0.131,Jazz,0.885,10,0.187,-14.808,1,0.0295,65.902,4,0.109
"('Locomotive', 'Thelonious Monk')",0.784,0.671,400427,0.439,Jazz,0.145,8,0.13,-11.181,1,0.0408,112.208,4,0.7
"('Body and Soul', 'Thelonious Monk')",0.935,0.513,268400,0.292,Jazz,0.886,1,0.0669,-16.83,1,0.065,105.141,1,0.229
"('Leap Frog - Take 11 / Take 6 / Master Take', 'Thelonious Monk')",0.441,0.562,157307,0.728,Jazz,3.33e-05,5,0.351,-9.14,1,0.0984,78.205,4,0.731
"('Eronel', 'Thelonious Monk')",0.525,0.487,270133,0.354,Jazz,0.000273,9,0.0958,-13.884,0,0.0417,177.572,4,0.736
"('Stuffy Turkey', 'Thelonious Monk')",0.448,0.463,490933,0.367,Jazz,0.00111,1,0.091,-14.663,1,0.0415,165.534,4,0.622
"('Highway to Hell', 'AC/DC')",0.0591,0.573,208400,0.913,Rock,0.00173,6,0.156,-4.793,0,0.132,115.715,4,0.422
"('Back In Black', 'AC/DC')",0.011,0.31,255493,0.7,Rock,0.00965,9,0.0828,-5.678,1,0.047,188.386,4,0.763
"('Thunderstruck', 'AC/DC')",0.000147,0.501,292880,0.889,Rock,0.0114,4,0.217,-5.175,1,0.0364,133.519,4,0.257
"('You Shook Me All Night Long', 'AC/DC')",0.00287,0.532,210173,0.767,Rock,0.000513,7,0.39,-5.509,1,0.0574,127.361,4,0.755
"('T.N.T.', 'AC/DC')",0.153,0.754,214667,0.759,Rock,0.000114,9,0.101,-5.218,1,0.302,126.367,4,0.435
"('Dirty Deeds Done Dirt Cheap', 'AC/DC')",0.214,0.668,231933,0.906,Rock,0.00229,11,0.135,-4.881,0,0.17,135.653,4,0.507
"('Shoot to Thrill', 'AC/DC')",0.000239,0.457,317427,0.904,Rock,0.0879,2,0.396,-5.303,1,0.0747,141.038,4,0.48
"('Hells Bells', 'AC/DC')",0.00532,0.389,312293,0.873,Rock,0.0055,4,0.273,-4.768,0,0.0475,106.767,4,0.303
"(""It's a Long Way to the Top (If You Wanna Rock 'N' Roll)"", 'AC/DC')",0.133,0.456,301227,0.863,Rock,0.0545,3,0.0553,-3.551,1,0.0894,135.966,4,0.532
"('Rock N Roll Train', 'AC/DC')",0.000998,0.547,261507,0.931,Rock,0.0118,2,0.278,-2.356,1,0.0615,118.4,4,0.697
"('Paint It, Black', 'The Rolling Stones')",0.0493,0.464,202267,0.795,Rock,0.00244,1,0.399,-9.267,1,0.0926,158.691,4,0.612
"('Start Me Up - Remastered', 'The Rolling Stones')",0.0436,0.631,213067,0.932,Rock,0.137,5,0.0918,-4.142,1,0.0354,122.429,4,0.971
"(""(I Can't Get No) Satisfaction - Mono Version"", 'The Rolling Stones')",0.0383,0.723,222813,0.863,Rock,0.0317,2,0.128,-7.89,1,0.0338,136.302,4,0.931
"('Gimme Shelter', 'The Rolling Stones')",0.447,0.634,270773,0.63,Rock,0.039,1,0.17,-8.277,0,0.031,118.628,4,0.489
"('Sympathy For The Devil - 50th Anniversary Edition', 'The Rolling Stones')",0.518,0.702,378147,0.668,Rock,0.0,9,0.0588,-9.237,1,0.214,116.063,4,0.561
"('Beast Of Burden - Remastered', 'The Rolling Stones')",0.39,0.783,265173,0.878,Rock,0.000778,1,0.0426,-3.864,0,0.0308,100.626,4,0.885
"('Wild Horses - 2009 Mix', 'The Rolling Stones')",0.687,0.432,341773,0.389,Rock,0.0107,7,0.0788,-6.517,1,0.0255,139.506,4,0.158
"('Angie', 'The Rolling Stones')",0.67,0.429,272000,0.554,Rock,0.000152,9,0.105,-6.128,0,0.0291,136.302,4,0.407
"('Brown Sugar - 2009 Mix', 'The Rolling Stones')",0.219,0.633,228667,0.934,Rock,0.00021,0,0.0592,-3.594,1,0.0344,128.606,4,0.963
"('Living In A Ghost Town', 'The Rolling Stones')",0.0148,0.679,247011,0.697,Rock,0.0119,4,0.124,-5.369,0,0.0454,110.558,4,0.776
"('Paranoid - 2016 Remaster', 'Black Sabbath')",4.52e-05,0.415,168406,0.658,Rock,0.000735,4,0.176,-12.051,0,0.0696,163.015,4,0.45
"('Iron Man - 2014 Remaster', 'Black Sabbath')",0.00349,0.336,355304,0.792,Rock,0.00178,9,0.0437,-10.875,1,0.0848,155.588,4,0.425
"(""War Pigs / Luke's Wall - 2014 Remaster"", 'Black Sabbath')",0.222,0.332,474360,0.623,Rock,0.000883,9,0.278,-12.365,0,0.0803,182.63,4,0.416
"('Children of the Grave - 2014 Remaster', 'Black Sabbath')",0.0802,0.318,317206,0.65,Rock,0.132,6,0.0962,-13.928,1,0.0375,149.994,4,0.368
"('N.I.B.', 'Black Sabbath')",0.0838,0.476,364493,0.556,Rock,1.59e-05,4,0.125,-10.586,0,0.0646,103.122,4,0.43
"('Heaven and Hell - 2008 Remaster', 'Black Sabbath')",0.0239,0.329,419933,0.673,Rock,0.109,3,0.138,-8.465,0,0.0296,91.122,4,0.323
"('Planet Caravan - 2013 Remaster', 'Black Sabbath')",0.941,0.368,269027,0.0595,Rock,0.891,9,0.0827,-28.603,1,0.036,90.116,4,0.339
"('Changes - 2013 Remaster', 'Black Sabbath')",0.0321,0.29,282497,0.215,Rock,1.66e-05,0,0.106,-12.762,1,0.0327,80.814,3,0.191
"('Sabbath Bloody Sabbath - 2014 Remaster', 'Black Sabbath')",0.369,0.359,346637,0.625,Rock,7.7e-05,1,0.0674,-9.643,0,0.0351,137.764,4,0.524
"('Sweet Leaf - 2014 Remaster', 'Black Sabbath')",0.00183,0.362,304787,0.6,Rock,0.0426,2,0.0814,-12.285,1,0.0463,148.462,4,0.658
"(""I Was Made For Lovin' You"", 'KISS')",0.213,0.768,271240,0.852,Rock,7.45e-05,4,0.0723,-6.215,1,0.038,128.374,4,0.867
"('Rock And Roll All Nite', 'KISS')",0.0468,0.654,168840,0.929,Rock,0.0,1,0.0539,-5.906,1,0.0998,144.774,4,0.902
"('Detroit Rock City', 'KISS')",0.0422,0.546,215933,0.901,Rock,4.48e-05,5,0.292,-6.729,1,0.0685,90.591,4,0.459
"(""Heaven's On Fire"", 'KISS')",0.00376,0.679,201400,0.866,Rock,3.1e-05,0,0.312,-6.053,1,0.0634,124.325,4,0.785
"('Lick It Up', 'KISS')",0.179,0.681,236640,0.773,Rock,1.83e-05,2,0.311,-6.051,1,0.058,120.276,4,0.547
"('Strutter', 'KISS')",0.0247,0.511,190867,0.912,Rock,0.0553,1,0.0943,-5.618,1,0.0594,131.339,4,0.833
"('Forever', 'KISS')",0.254,0.435,232640,0.666,Rock,1.4e-05,6,0.0541,-10.596,1,0.031,176.431,4,0.566
"('Beth', 'KISS')",0.878,0.387,165667,0.238,Rock,0.000715,0,0.194,-13.496,1,0.0339,115.354,4,0.279
"('Crazy Crazy Nights', 'KISS')",0.41,0.591,227600,0.869,Rock,0.0,7,0.718,-6.383,1,0.0655,121.68,4,0.74
"('Love Gun', 'KISS')",0.0264,0.408,198707,0.867,Rock,0.0356,3,0.276,-6.24,0,0.0367,147.226,4,0.705
"('Under the Bridge', 'Red Hot Chili Peppers')",0.0576,0.559,264307,0.345,Rock,0.000105,4,0.141,-13.496,1,0.0459,84.581,4,0.458
"('Californication', 'Red Hot Chili Peppers')",0.0021,0.592,329733,0.767,Rock,0.00165,9,0.127,-2.788,0,0.027,96.483,4,0.328
"(""Can't Stop"", 'Red Hot Chili Peppers')",0.0179,0.618,269000,0.938,Rock,0.0,9,0.167,-3.442,1,0.0456,91.455,4,0.875
"('Snow (Hey Oh)', 'Red Hot Chili Peppers')",0.116,0.427,334667,0.9,Rock,1.75e-05,11,0.119,-3.674,1,0.0499,104.655,4,0.599
"('Otherside', 'Red Hot Chili Peppers')",0.00316,0.458,255373,0.795,Rock,0.000202,0,0.0756,-3.265,1,0.0574,123.229,4,0.513
"('Scar Tissue', 'Red Hot Chili Peppers')",0.0779,0.595,215907,0.717,Rock,0.00274,0,0.108,-4.803,1,0.0295,88.969,4,0.547
"('Dani California', 'Red Hot Chili Peppers')",0.0193,0.556,282160,0.913,Rock,8.59e-06,0,0.346,-2.36,1,0.0437,96.184,4,0.73
"('By the Way', 'Red Hot Chili Peppers')",0.0264,0.451,216933,0.97,Rock,0.00355,0,0.102,-4.938,1,0.107,122.444,4,0.198
"('Dark Necessities', 'Red Hot Chili Peppers')",0.0722,0.7,302000,0.742,Rock,0.0199,5,0.11,-6.777,0,0.0716,91.959,4,0.197
"('Give It Away', 'Red Hot Chili Peppers')",0.00244,0.666,282907,0.936,Rock,0.086,7,0.153,-9.919,1,0.0476,91.577,4,0.776
"('Bohemian Rhapsody - 2011 Mix', 'Queen')",0.288,0.392,354320,0.402,Rock,0,0,0.243,-9.961,0,0.0536,143.883,4,0.228
"(""Don't Stop Me Now - 2011 Mix"", 'Queen')",0.0472,0.563,209413,0.865,Rock,0.000191,5,0.77,-5.277,1,0.16,156.271,4,0.601
"('Another One Bites The Dust - Remastered 2011', 'Queen')",0.112,0.933,214653,0.528,Rock,0.329,5,0.163,-6.472,0,0.162,109.975,4,0.756
"('Under Pressure - Remastered', 'Queen')",0.422,0.671,248440,0.711,Rock,0,2,0.104,-7.813,1,0.0478,113.809,4,0.466
"('We Will Rock You - Remastered', 'Queen')",0.679,0.693,122067,0.497,Rock,0,2,0.258,-7.316,1,0.119,81.308,4,0.473
"('We Are The Champions - Remastered 2011', 'Queen')",0.378,0.268,179200,0.459,Rock,0,7,0.119,-6.948,0,0.0346,64.223,4,0.172
"('Radio Ga Ga - 2011 Mix', 'Queen')",0.179,0.744,348227,0.502,Rock,0.000172,5,0.19,-7.705,1,0.0359,112.345,4,0.655
"('I Want To Break Free - Remastered 2011', 'Queen')",0.0853,0.795,258013,0.433,Rock,0.000284,4,0.0762,-8.927,1,0.0324,108.947,4,0.6
"('Somebody To Love - 2011 Mix', 'Queen')",0.19,0.497,296493,0.693,Rock,0,8,0.215,-7.024,1,0.0565,111.539,3,0.358
"('Love Of My Life - Remastered 2011', 'Queen')",0.936,0.331,217400,0.183,Rock,9.07e-06,5,0.115,-11.63,1,0.0287,79.195,4,0.26
"('Nothing Else Matters', 'Metallica')",0.0505,0.558,388733,0.364,Rock,5.02e-06,4,0.0753,-11.258,0,0.0265,142.171,3,0.17
"('Enter Sandman', 'Metallica')",0.00206,0.579,331573,0.824,Rock,0.00903,6,0.059,-8.71,0,0.03,123.331,4,0.635
"('Master of Puppets (Remastered)', 'Metallica')",0.00067,0.539,515387,0.828,Rock,0.421,4,0.154,-9.108,0,0.035,105.25,4,0.562
"('The Unforgiven', 'Metallica')",0.0108,0.539,387133,0.597,Rock,0.00552,7,0.134,-9.581,1,0.0258,139.444,4,0.251
"('One (Remastered)', 'Metallica')",0.000668,0.438,446146,0.687,Rock,0.0801,7,0.42,-9.15,1,0.0619,103.01,3,0.426
"('Whiskey In The Jar', 'Metallica')",5.36e-06,0.511,304893,0.972,Rock,0.00101,10,0.19,-3.751,1,0.0413,132.97,4,0.532
"('For Whom The Bell Tolls (Remastered)', 'Metallica')",0.00631,0.512,309973,0.86,Rock,0.00528,0,0.0652,-6.145,1,0.0703,117.909,4,0.258
"('Sad But True', 'Metallica')",0.000773,0.632,324560,0.845,Rock,0.00152,7,0.0618,-6.336,1,0.0333,89.232,4,0.433
"('Fade To Black (Remastered)', 'Metallica')",0.00311,0.256,417227,0.929,Rock,0.201,7,0.11,-6.667,1,0.113,113.47,4,0.278
"('Seek & Destroy (Remastered)', 'Metallica')",0.0364,0.439,414720,0.963,Rock,0.00896,9,0.0784,-5.508,1,0.277,140.805,4,0.435
"('Casey Jones - 2013 Remaster', 'Grateful Dead')",0.385,0.671,265067,0.405,Rock,0,0,0.132,-10.052,1,0.0392,99.678,4,0.828
"('Friend of the Devil', 'Grateful Dead')",0.334,0.642,201867,0.628,Rock,8.29e-06,7,0.614,-12.849,1,0.0358,103.317,4,0.893
"('Ripple - 2013 Remaster', 'Grateful Dead')",0.427,0.604,249734,0.411,Rock,5.74e-05,7,0.602,-14.258,1,0.034,126.637,4,0.675
"('Althea - 2013 Remaster', 'Grateful Dead')",0.679,0.783,412596,0.284,Rock,0.282,9,0.0767,-14.307,1,0.0365,82.676,4,0.584
"('Scarlet Begonias - 2013 Remaster', 'Grateful Dead')",0.314,0.537,259702,0.559,Rock,0.000795,4,0.116,-12.224,1,0.0315,167.758,4,0.918
"(""Truckin' - 2013 Remaster"", 'Grateful Dead')",0.389,0.644,306974,0.623,Rock,0.0202,11,0.0617,-13.862,0,0.059,126.553,4,0.676
"('Shakedown Street - 2013 Remaster', 'Grateful Dead')",0.156,0.809,300209,0.575,Rock,1.65e-06,0,0.0799,-12.176,1,0.0298,109.447,4,0.85
"('Touch of Grey - 2013 Remaster', 'Grateful Dead')",0.0785,0.612,350862,0.696,Rock,9.4e-06,11,0.14,-11.34,1,0.0353,159.829,4,0.849
"('Fire on the Mountain - 2013 Remaster', 'Grateful Dead')",0.528,0.788,229009,0.461,Rock,2.69e-05,1,0.0886,-11.704,0,0.0556,76.669,1,0.906
"('Box of Rain - 2013 Remaster', 'Grateful Dead')",0.413,0.52,318929,0.49,Rock,0,2,0.121,-12.828,1,0.0286,117.755,4,0.76
"('9 to 5', 'Dolly Parton')",0.416,0.554,162467,0.783,Country,1.54e-06,6,0.631,-5.852,1,0.0457,105.39,4,0.813
"('Faith (with Dolly Parton) [feat. Mr. Probz]', 'Dolly Parton')",0.145,0.547,186805,0.795,Country,0.0,8,0.111,-3.721,1,0.0489,118.115,4,0.723
"('Jolene', 'Dolly Parton')",0.566,0.674,161533,0.537,Country,0.0,1,0.131,-10.971,0,0.0363,110.578,4,0.809
"('Islands In the Stream', 'Dolly Parton')",0.675,0.618,251960,0.412,Country,1.04e-06,8,0.0886,-12.075,1,0.0368,203.933,4,0.74
"('Here You Come Again', 'Dolly Parton')",0.647,0.529,179491,0.511,Country,0.00724,1,0.0391,-9.37,1,0.0418,106.491,4,0.559
"('I Will Always Love You', 'Dolly Parton')",0.96,0.446,176093,0.142,Country,0.00114,9,0.101,-13.498,1,0.0335,135.724,4,0.156
"('There Was Jesus', 'Dolly Parton')",0.4,0.496,223348,0.694,Country,0.0,8,0.088,-6.331,1,0.0374,153.881,4,0.473
"('God Only Knows (with Dolly Parton)', 'Dolly Parton')",0.276,0.656,213653,0.561,Country,0.0,11,0.143,-5.626,0,0.0495,143.962,4,0.469
"('Coat of Many Colors', 'Dolly Parton')",0.93,0.624,183667,0.257,Country,7.56e-05,5,0.138,-13.341,1,0.0444,85.617,4,0.681
"('Wildflowers - 2015 Remaster', 'Dolly Parton')",0.762,0.609,216573,0.368,Country,6.28e-06,10,0.335,-13.338,1,0.0294,90.373,4,0.618
"('Life is a Highway', 'Rascal Flatts')",0.00324,0.582,276320,0.952,Country,0,5,0.223,-3.848,1,0.0731,103.027,4,0.655
"('Bless The Broken Road', 'Rascal Flatts')",0.671,0.591,226680,0.45,Country,2.23e-05,0,0.159,-6.369,1,0.0266,135.893,4,0.344
"('What Hurts The Most', 'Rascal Flatts')",0.0088,0.537,214107,0.674,Country,0,5,0.265,-5.134,0,0.0277,136.002,4,0.33
"('I Like The Sound Of That', 'Rascal Flatts')",0.257,0.611,209280,0.8,Country,0,0,0.194,-5.61,1,0.0377,89.974,4,0.527
"('Back To Life', 'Rascal Flatts')",0.191,0.467,214219,0.701,Country,0,4,0.0769,-4.997,1,0.0302,132.041,3,0.28
"('My Wish', 'Rascal Flatts')",0.0307,0.548,248280,0.769,Country,5.53e-06,4,0.0867,-4.853,1,0.0312,135.712,4,0.388
"('Summer Nights', 'Rascal Flatts')",0.0163,0.541,242027,0.895,Country,0,2,0.571,-4.884,1,0.0367,102.078,4,0.657
"('Yours If You Want It', 'Rascal Flatts')",0.0103,0.554,206827,0.903,Country,0,8,0.107,-3.152,1,0.0515,112.998,4,0.419
"('Fast Cars And Freedom', 'Rascal Flatts')",0.0135,0.616,262187,0.824,Country,2.13e-05,3,0.108,-4.842,0,0.03,117.954,4,0.623
"(""I Won't Let Go"", 'Rascal Flatts')",0.742,0.557,227760,0.406,Country,0,4,0.113,-7.083,1,0.0278,131.96,4,0.222
"('Beautiful Crazy', 'Luke Combs')",0.676,0.552,193200,0.402,Country,0,11,0.0928,-7.431,1,0.0262,103.313,4,0.382
"('When It Rains It Pours', 'Luke Combs')",0.013,0.551,240760,0.801,Country,6.03e-06,6,0.265,-5.069,1,0.0303,128.027,4,0.625
"('Hurricane', 'Luke Combs')",0.0153,0.464,222533,0.813,Country,0,10,0.254,-6.185,1,0.0416,75.975,4,0.516
"('She Got the Best of Me', 'Luke Combs')",0.0292,0.533,183160,0.907,Country,0,11,0.386,-3.793,1,0.0406,150.99,4,0.7
"('Does To Me', 'Luke Combs')",0.311,0.616,223320,0.849,Country,0,0,0.311,-4.897,1,0.0373,113.065,4,0.638
"('Six Feet Apart', 'Luke Combs')",0.335,0.565,199068,0.598,Country,0,6,0.124,-5.894,1,0.0276,155.814,4,0.449
"('Beer Never Broke My Heart', 'Luke Combs')",0.0139,0.538,186733,0.863,Country,0,1,0.0874,-4.483,1,0.0481,77.001,4,0.637
"('One Number Away', 'Luke Combs')",0.00585,0.544,221800,0.781,Country,0,6,0.191,-6.16,0,0.0311,144.075,4,0.527
"(""Even Though I'm Leaving"", 'Luke Combs')",0.225,0.554,225253,0.755,Country,0,2,0.301,-6.04,1,0.0319,77.962,4,0.624
"('Nothing Like You', 'Luke Combs')",0.355,0.62,196320,0.443,Country,0,5,0.108,-7.984,1,0.028,141.984,4,0.339
"('Got What I Got', 'Jason Aldean')",0.621,0.512,178147,0.58,Country,1.72e-05,3,0.513,-6.658,0,0.029,159.847,3,0.303
"('Dirt Road Anthem', 'Jason Aldean')",0.347,0.68,229400,0.741,Country,1.87e-06,2,0.117,-5.055,1,0.0357,127.024,4,0.635
"('You Make It Easy', 'Jason Aldean')",0.143,0.375,196800,0.574,Country,0.0,7,0.11,-5.305,1,0.0315,132.025,3,0.406
"(""She's Country"", 'Jason Aldean')",0.198,0.553,220573,0.872,Country,0.0,1,0.0659,-2.832,0,0.0782,172.138,4,0.638
"('We Back', 'Jason Aldean')",0.0135,0.433,197160,0.928,Country,2.01e-06,4,0.32,-5.117,0,0.0512,155.938,4,0.552
"('Big Green Tractor', 'Jason Aldean')",0.646,0.623,204200,0.59,Country,0.0,4,0.295,-5.014,1,0.028,137.071,4,0.579
"(""Any Ol' Barstool"", 'Jason Aldean')",0.312,0.536,203293,0.722,Country,0.0,4,0.117,-4.163,1,0.0284,143.78,4,0.499
"('Night Train', 'Jason Aldean')",0.0512,0.496,232307,0.708,Country,1.06e-06,5,0.182,-5.175,1,0.0293,158.121,4,0.502
"('Girl Like You', 'Jason Aldean')",0.035,0.543,193067,0.88,Country,0.000227,3,0.304,-4.204,0,0.0365,144.057,4,0.483
"('Drowns The Whiskey (feat. Miranda Lambert)', 'Jason Aldean')",0.294,0.552,202067,0.698,Country,0.000103,8,0.0905,-4.817,1,0.0306,90.006,4,0.6
"('Body Like A Back Road', 'Sam Hunt')",0.441,0.736,162547,0.458,Country,0,5,0.148,-7.437,1,0.0316,98.977,4,0.65
"('House Party', 'Sam Hunt')",0.113,0.747,190240,0.861,Country,0,8,0.026,-5.251,1,0.0514,103.966,4,0.859
"('Hard To Forget', 'Sam Hunt')",0.23,0.689,204760,0.689,Country,0,4,0.57,-5.517,1,0.045,130.069,4,0.664
"('Kinfolks', 'Sam Hunt')",0.0876,0.569,181933,0.807,Country,0,0,0.164,-4.584,1,0.0464,76.011,4,0.883
"('Hard To Forget - Radio Edit', 'Sam Hunt')",0.191,0.694,189507,0.715,Country,0,4,0.73,-5.39,1,0.0461,130.085,4,0.757
"('Break Up In A Small Town', 'Sam Hunt')",0.0749,0.579,229880,0.776,Country,0,8,0.239,-5.365,1,0.173,136.044,4,0.434
"('2016', 'Sam Hunt')",0.596,0.52,235053,0.384,Country,0,6,0.103,-8.168,1,0.0362,149.536,5,0.328
"('Take Your Time', 'Sam Hunt')",0.101,0.558,243707,0.719,Country,0,11,0.212,-5.603,1,0.0419,158.031,4,0.483
"('Make You Miss Me', 'Sam Hunt')",0.158,0.614,225693,0.472,Country,0,7,0.111,-6.626,1,0.0297,146.005,4,0.168
"('Leave The Night On', 'Sam Hunt')",0.0951,0.514,192160,0.951,Country,0,9,0.349,-3.813,1,0.0603,171.96,4,0.838
"('Meant to Be (feat. Florida Georgia Line)', 'Florida Georgia Line')",0.0476,0.642,164205,0.772,Country,0,10,0.0646,-6.61,1,0.0848,153.995,4,0.589
"('Simple', 'Florida Georgia Line')",0.0791,0.362,185200,0.882,Country,0,3,0.15,-3.717,1,0.0973,199.811,4,0.864
"('Cruise', 'Florida Georgia Line')",0.0191,0.457,208960,0.948,Country,0,10,0.0536,-3.364,1,0.0354,148.0,4,0.878
"('Talk You Out Of It', 'Florida Georgia Line')",0.582,0.651,202920,0.708,Country,0,4,0.0796,-4.791,1,0.0376,119.964,4,0.558
"('I Love My Country', 'Florida Georgia Line')",0.0249,0.527,184573,0.943,Country,0,4,0.373,-3.56,1,0.065,140.132,4,0.584
"('H.O.L.Y.', 'Florida Georgia Line')",0.401,0.523,194187,0.666,Country,0,7,0.0728,-4.081,0,0.0327,78.077,4,0.564
"('Blessings', 'Florida Georgia Line')",0.737,0.466,198520,0.672,Country,0,4,0.0858,-5.926,1,0.036,89.081,4,0.334
"('May We All', 'Florida Georgia Line')",0.0409,0.514,226173,0.918,Country,0,7,0.342,-4.306,1,0.0365,150.033,4,0.64
"('This Is How We Roll', 'Florida Georgia Line')",0.016,0.555,220907,0.931,Country,0,8,0.405,-2.969,1,0.0367,132.085,4,0.723
"('Beer:30', 'Florida Georgia Line')",0.0228,0.77,138853,0.887,Country,2.52e-05,6,0.098,-4.772,1,0.0678,100.028,4,0.817
"('I Hope You’re Happy Now', 'Lee Brice')",0.168,0.591,198689,0.815,Country,8.68e-06,10,0.142,-4.725,1,0.0366,118.024,4,0.306
"('Rumor', 'Lee Brice')",0.749,0.655,198440,0.56,Country,0.0,9,0.115,-6.857,1,0.0486,140.975,4,0.599
"('One Of Them Girls', 'Lee Brice')",0.294,0.643,188893,0.79,Country,0.0,4,0.107,-6.079,1,0.0462,95.987,4,0.8
"('Hard To Love', 'Lee Brice')",0.0119,0.638,224293,0.722,Country,0.00808,9,0.189,-6.177,1,0.0332,103.017,4,0.469
"(""I Don't Dance"", 'Lee Brice')",0.399,0.587,221173,0.559,Country,6.69e-06,1,0.0992,-7.742,1,0.0321,92.036,4,0.19
"('Boy', 'Lee Brice')",0.644,0.498,198973,0.408,Country,0.0,6,0.0993,-7.946,1,0.0331,78.942,4,0.383
"('Drinking Class', 'Lee Brice')",0.0886,0.663,207347,0.53,Country,0.0,1,0.154,-9.763,1,0.0301,109.003,4,0.269
"('Love Like Crazy', 'Lee Brice')",0.0203,0.535,217387,0.725,Country,1.45e-05,10,0.176,-5.108,1,0.0275,78.489,4,0.292
"('A Woman Like You', 'Lee Brice')",0.245,0.592,209787,0.584,Country,0.0,7,0.0862,-7.422,1,0.0305,160.048,4,0.371
"('I Drive Your Truck', 'Lee Brice')",0.0978,0.51,234840,0.649,Country,0.00206,11,0.119,-6.215,1,0.0348,141.963,4,0.118
"('Beer Can’t Fix', 'Thomas Rhett')",0.0317,0.711,209733,0.774,Country,0,7,0.124,-4.068,1,0.0308,111.016,4,0.939
"('Die A Happy Man', 'Thomas Rhett')",0.418,0.595,227427,0.389,Country,1.39e-06,2,0.116,-9.245,1,0.0349,166.052,4,0.4
"(""On Me (feat. Ava Max) - From 'SCOOB!' The Album"", 'Thomas Rhett')",0.0119,0.548,164683,0.721,Country,0,8,0.216,-4.466,1,0.0472,177.918,4,0.594
"('Be A Light', 'Thomas Rhett')",0.0397,0.509,173961,0.493,Country,1.32e-06,0,0.102,-6.676,1,0.0266,97.846,4,0.264
"('Look What God Gave Her', 'Thomas Rhett')",0.0272,0.739,168960,0.85,Country,0,2,0.181,-3.966,1,0.0308,113.0,4,0.883
"('Marry Me', 'Thomas Rhett')",0.0977,0.333,205453,0.412,Country,0,3,0.113,-8.633,1,0.029,85.028,4,0.474
"('Unforgettable', 'Thomas Rhett')",0.0303,0.661,157080,0.75,Country,0.000132,7,0.0849,-5.497,1,0.0314,130.077,4,0.828
"('Remember You Young', 'Thomas Rhett')",0.355,0.396,180467,0.51,Country,0,6,0.113,-6.274,1,0.0327,113.994,4,0.299
"('Blessed', 'Thomas Rhett')",0.314,0.536,214173,0.496,Country,0,7,0.11,-6.027,1,0.029,175.007,3,0.497
"('Notice', 'Thomas Rhett')",0.00246,0.346,222853,0.704,Country,0,4,0.084,-6.309,0,0.0376,119.932,4,0.258
"(""Knockin' On Heaven's Door"", 'Bob Dylan')",0.251,0.513,149880,0.396,Folk,0.177,7,0.11,-13.061,1,0.0299,140.208,4,0.229
"('Like a Rolling Stone', 'Bob Dylan')",0.729,0.483,369600,0.721,Folk,0.0,0,0.189,-6.836,1,0.032,95.261,4,0.562
"(""The Times They Are A-Changin'"", 'Bob Dylan')",0.887,0.389,192053,0.396,Folk,0.0,7,0.0828,-7.999,1,0.0332,171.86,3,0.585
"(""Blowin' in the Wind"", 'Bob Dylan')",0.914,0.38,165427,0.0993,Folk,2.32e-05,2,0.0605,-20.567,1,0.0509,174.874,4,0.44
"('Hurricane', 'Bob Dylan')",0.0409,0.509,512733,0.827,Folk,0.0,0,0.12,-7.715,1,0.079,135.601,4,0.743
"('Girl from the North Country', 'Bob Dylan')",0.843,0.607,220400,0.142,Folk,0.000197,7,0.121,-23.455,1,0.0382,118.867,4,0.305
"(""Don't Think Twice, It's All Right"", 'Bob Dylan')",0.89,0.6,217400,0.243,Folk,0.0022,4,0.249,-17.085,1,0.0366,110.535,4,0.468
"('Tangled up in Blue', 'Bob Dylan')",0.414,0.421,341627,0.661,Folk,1.16e-06,9,0.0962,-13.126,1,0.0433,100.965,4,0.554
"('Mr. Tambourine Man', 'Bob Dylan')",0.794,0.39,330533,0.31,Folk,0.0,5,0.379,-14.545,1,0.0676,177.515,4,0.584
"('Shelter from the Storm', 'Bob Dylan')",0.413,0.486,301133,0.241,Folk,3.51e-05,4,0.0928,-17.337,1,0.0366,106.574,4,0.614
"('Diamonds And Rust', 'Joan Baez')",0.243,0.506,286107,0.343,Folk,0,5,0.141,-12.153,0,0.03,130.052,4,0.265
"('The Night They Drove Old Dixie Down', 'Joan Baez')",0.558,0.564,206067,0.357,Folk,0,1,0.233,-12.752,1,0.0326,129.242,4,0.477
"('House Of The Rising Sun', 'Joan Baez')",0.954,0.389,176360,0.0109,Folk,0.000642,2,0.113,-14.647,0,0.0512,83.9,3,0.189
"('Donna Donna', 'Joan Baez')",0.957,0.579,192933,0.0233,Folk,6.74e-05,6,0.101,-18.57,0,0.0445,117.444,4,0.389
"(""Blowin' In The Wind - Live"", 'Joan Baez')",0.676,0.267,155333,0.369,Folk,0,10,0.925,-12.416,1,0.0501,182.343,4,0.527
"('Eleanor Rigby', 'Joan Baez')",0.957,0.413,140533,0.134,Folk,0,11,0.0841,-16.023,0,0.0443,141.186,4,0.446
"('Brothers In Arms', 'Joan Baez')",0.516,0.416,306120,0.316,Folk,0.00289,6,0.0816,-10.941,0,0.0292,77.894,4,0.0653
"(""Don't Think Twice, It's All Right"", 'Joan Baez')",0.89,0.564,189800,0.0561,Folk,0.000885,2,0.696,-22.377,1,0.0325,105.159,4,0.466
"('Silver Dagger', 'Joan Baez')",0.946,0.416,152067,0.0911,Folk,7.81e-06,3,0.0986,-15.567,0,0.0377,142.111,4,0.386
"(""Babe, I'm Gonna Leave You"", 'Joan Baez')",0.955,0.346,192493,0.187,Folk,0.0846,10,0.846,-19.92,0,0.0641,93.231,4,0.402
"('This Land is Your Land', 'Woody Guthrie')",0.962,0.606,139693,0.0977,Folk,0.00148,3,0.126,-15.668,1,0.0451,105.593,4,0.551
"('Tear The Facists Down', 'Woody Guthrie')",0.792,0.69,129987,0.311,Folk,0.0505,0,0.218,-11.853,1,0.0521,139.349,4,0.872
"(""Goodnight Little Arlo (Goodnight Little Darlin')"", 'Woody Guthrie')",0.994,0.691,196560,0.136,Folk,0.0492,2,0.154,-16.086,1,0.0616,113.544,1,0.742
"('Do Re Mi', 'Woody Guthrie')",0.959,0.582,216880,0.236,Folk,0.742,2,0.121,-17.115,1,0.0589,125.621,4,0.831
"('I Want My Milk (I Want it Now)', 'Woody Guthrie')",0.966,0.638,141507,0.0689,Folk,1.31e-06,4,0.102,-16.222,1,0.0659,120.16,3,0.695
"('My Daddy (Flies A Ship In The Sky)', 'Woody Guthrie')",0.945,0.627,156627,0.152,Folk,7.56e-05,0,0.0918,-13.552,1,0.0479,119.984,4,0.806
"(""So Long, It's Been Good to Know Yuh (Dusty Old Dust)"", 'Woody Guthrie')",0.839,0.641,224560,0.216,Folk,0.0,0,0.0912,-15.504,1,0.0396,103.646,3,0.668
"('This Land Is Your Land', 'Woody Guthrie')",0.921,0.605,167467,0.158,Folk,0.00118,2,0.159,-13.669,1,0.0431,108.325,4,0.485
"('Riding in my car (Car song)', 'Woody Guthrie')",0.932,0.694,112533,0.202,Folk,0.000751,11,0.113,-15.035,1,0.151,138.357,4,0.634
"(""Hobo's Lullaby"", 'Woody Guthrie')",0.995,0.667,145000,0.0385,Folk,0.0787,8,0.113,-17.699,1,0.0407,98.672,4,0.592
"(""When I'm Gone"", 'Phil Ochs')",0.948,0.47,253330,0.0966,Folk,7.24e-05,3,0.72,-19.103,1,0.0483,83.079,4,0.23
"(""I Ain't Marching Anymore"", 'Phil Ochs')",0.633,0.498,154893,0.492,Folk,0.0,6,0.0762,-6.517,1,0.0458,131.104,4,0.662
"('Draft Dodger Rag', 'Phil Ochs')",0.85,0.729,131267,0.168,Folk,0.0,5,0.0934,-13.265,1,0.145,96.166,4,0.692
"(""Love Me I'm a Liberal - Live Version"", 'Phil Ochs')",0.453,0.491,277633,0.269,Folk,0.0,4,0.686,-14.222,1,0.0841,96.382,4,0.442
"('Changes', 'Phil Ochs')",0.92,0.45,280358,0.0452,Folk,3.37e-05,3,0.696,-22.419,1,0.0444,106.891,4,0.256
"(""Here's to the State of Mississippi"", 'Phil Ochs')",0.749,0.5,354933,0.22,Folk,0.0,6,0.117,-11.497,1,0.0628,87.843,3,0.454
"('Power and Glory', 'Phil Ochs')",0.741,0.595,136360,0.321,Folk,0.0,9,0.587,-12.828,0,0.115,138.107,4,0.662
"('The Bells', 'Phil Ochs')",0.761,0.554,188840,0.259,Folk,0.0,1,0.0625,-15.813,1,0.112,132.74,4,0.411
"('The Highwayman', 'Phil Ochs')",0.852,0.561,339267,0.108,Folk,0.0,8,0.109,-14.018,0,0.0504,136.622,4,0.295
"('There but for Fortune', 'Phil Ochs')",0.931,0.466,165047,0.0997,Folk,0.00234,6,0.953,-19.066,1,0.039,106.344,4,0.302
"('Little Boxes', 'Pete Seeger')",0.941,0.775,114773,0.194,Folk,0.00685,5,0.195,-16.883,1,0.0731,120.764,3,0.783
"('Oh, Susanna', 'Pete Seeger')",0.928,0.535,77893,0.318,Folk,0.00485,4,0.304,-14.464,1,0.086,137.463,4,0.706
"('Solidarity Forever', 'Pete Seeger')",0.972,0.721,174533,0.295,Folk,0.0,8,0.0871,-11.214,1,0.0397,107.807,4,0.452
"('Which Side are You On?', 'Pete Seeger')",0.992,0.498,129800,0.245,Folk,3.25e-06,7,0.101,-13.473,0,0.0424,171.946,4,0.595
"('My Rainbow Race', 'Pete Seeger')",0.886,0.372,223200,0.109,Folk,6.7e-05,7,0.106,-17.372,1,0.0294,90.946,4,0.337
"('Coyote, My Little Brother', 'Pete Seeger')",0.932,0.413,170600,0.0153,Folk,0.0,6,0.0989,-21.467,1,0.0358,94.584,4,0.123
"('Keep Your Eyes On The Prize', 'Pete Seeger')",0.891,0.375,119493,0.282,Folk,0.0,11,0.215,-15.039,0,0.0383,79.101,4,0.839
"('If I Had a Hammer (Hammer Song)', 'Pete Seeger')",0.966,0.583,115560,0.205,Folk,0.0193,0,0.0585,-17.07,1,0.0382,80.772,4,0.883
"('What Did You Learn In School Today?', 'Pete Seeger')",0.934,0.718,101200,0.389,Folk,2.02e-05,11,0.143,-13.501,1,0.0613,122.439,4,0.901
"('Where Have All the Flowers Gone? - Live', 'Pete Seeger')",0.949,0.496,114907,0.185,Folk,0.0,10,0.159,-14.281,1,0.0846,135.954,5,0.258
"('Our House', 'Crosby, Stills, Nash & Young')",0.896,0.593,179760,0.205,Folk,5.46e-05,9,0.119,-14.601,1,0.0479,140.279,4,0.377
"('Ohio', 'Crosby, Stills, Nash & Young')",0.261,0.445,183733,0.529,Folk,0.0162,0,0.184,-10.94,1,0.026,79.296,4,0.749
"('Teach Your Children', 'Crosby, Stills, Nash & Young')",0.643,0.497,173467,0.285,Folk,1.66e-05,2,0.389,-14.537,1,0.0264,154.7,4,0.667
"('Almost Cut My Hair', 'Crosby, Stills, Nash & Young')",0.183,0.47,269173,0.471,Folk,0.00927,7,0.164,-10.484,1,0.0437,136.828,4,0.574
"('Carry On', 'Crosby, Stills, Nash & Young')",0.059,0.463,265933,0.495,Folk,1.25e-06,1,0.271,-12.203,1,0.041,118.505,4,0.532
"('Helpless', 'Crosby, Stills, Nash & Young')",0.86,0.538,217133,0.258,Folk,0.00599,2,0.134,-13.603,1,0.0309,114.151,4,0.376
"('Woodstock', 'Crosby, Stills, Nash & Young')",0.121,0.458,233773,0.539,Folk,0.00944,4,0.17,-12.402,0,0.0571,118.928,4,0.56
"('Helplessly Hoping', 'Crosby, Stills, Nash & Young')",0.911,0.493,159000,0.164,Folk,0.0,7,0.111,-13.853,1,0.0377,145.97,4,0.411
"('4 + 20', 'Crosby, Stills, Nash & Young')",0.929,0.64,126640,0.058,Folk,0.0797,4,0.113,-25.243,1,0.0388,140.957,4,0.126
"('Deja Vu', 'Crosby, Stills, Nash & Young')",0.808,0.454,252373,0.267,Folk,0.221,11,0.296,-15.915,0,0.036,137.119,4,0.203
"('Pink Moon', 'Nick Drake')",0.819,0.638,123333,0.256,Folk,0.0707,3,0.145,-15.68,1,0.0492,82.479,4,0.438
"('Northern Sky', 'Nick Drake')",0.552,0.53,224013,0.264,Folk,0.694,5,0.133,-18.16,0,0.038,90.048,4,0.489
"('One Of These Things First', 'Nick Drake')",0.836,0.604,290733,0.37,Folk,0.346,4,0.0954,-18.45,1,0.0362,90.339,3,0.666
"('Saturday Sun', 'Nick Drake')",0.966,0.546,245013,0.121,Folk,0.011,0,0.101,-20.259,1,0.0343,127.122,3,0.144
"('Place To Be', 'Nick Drake')",0.872,0.342,161293,0.224,Folk,0.163,5,0.109,-16.362,1,0.0357,53.477,4,0.404
"('River Man', 'Nick Drake')",0.852,0.473,258680,0.118,Folk,0.735,8,0.112,-20.098,1,0.0339,114.521,5,0.0921
"('Horn', 'Nick Drake')",0.917,0.578,81067,0.0226,Folk,0.823,1,0.139,-20.664,1,0.173,137.052,3,0.145
"('Free Ride', 'Nick Drake')",0.895,0.807,183987,0.117,Folk,0.24,0,0.111,-17.596,1,0.0621,120.246,4,0.595
"('From The Morning', 'Nick Drake')",0.864,0.639,152040,0.166,Folk,0.0752,0,0.115,-19.269,1,0.0446,109.227,4,0.398
"(""' Cello Song"", 'Nick Drake')",0.657,0.507,284987,0.39,Folk,0.859,3,0.0613,-17.218,1,0.0326,118.805,4,0.52
"('Leaving on a Jet Plane', 'Peter, Paul and Mary')",0.804,0.414,207240,0.167,Folk,0,9,0.117,-16.519,1,0.0484,133.45,4,0.384
"(""Don't Think Twice, It's All Right"", 'Peter, Paul and Mary')",0.893,0.437,196467,0.104,Folk,0.00124,3,0.11,-22.533,1,0.0307,101.718,4,0.544
"(""Blowin' in the Wind"", 'Peter, Paul and Mary')",0.834,0.381,177360,0.0848,Folk,0,5,0.112,-17.77,1,0.032,155.036,4,0.557
"('Puff, the Magic Dragon', 'Peter, Paul and Mary')",0.51,0.507,206867,0.088,Folk,0,9,0.0984,-23.309,1,0.0343,144.226,4,0.398
"('500 Miles', 'Peter, Paul and Mary')",0.858,0.436,162933,0.0695,Folk,0,7,0.107,-19.735,1,0.0298,97.128,4,0.255
"('Tell It on the Mountain', 'Peter, Paul and Mary')",0.757,0.619,178240,0.261,Folk,0,2,0.259,-10.632,1,0.0357,116.379,4,0.658
"('If I Had a Hammer - Remastered', 'Peter, Paul and Mary')",0.326,0.628,121053,0.423,Folk,0,9,0.16,-11.231,1,0.0365,100.082,4,0.353
"('Where Have All the Flowers Gone - Remastered', 'Peter, Paul and Mary')",0.911,0.4,236907,0.0887,Folk,2.58e-05,10,0.108,-16.696,1,0.0328,106.967,1,0.286
"('Michael Row the Boat Ashore', 'Peter, Paul and Mary')",0.769,0.506,163173,0.271,Folk,0,2,0.111,-10.234,1,0.0277,123.861,4,0.337
"('Lemon Tree - Remastered', 'Peter, Paul and Mary')",0.849,0.415,177773,0.15,Folk,0,4,0.13,-18.762,0,0.0513,163.726,4,0.223
